0.999993,-4.39352e-05,-6.20021e-06,1.71954e-05,3.30682e-05,4.56207e-05,5.35128e-05,5.96767e-05,6.50515e-05,6.78995e-05,7.06709e-05,7.34171e-05,7.55749e-05,7.91327e-05,8.34843e-05,8.51199e-05,8.53882e-05,8.618e-05,8.58873e-05,8.43823e-05,8.22735e-05,8.07512e-05,7.99912e-05,7.90787e-05,7.88745e-05,7.87937e-05,7.8687e-05,7.79688e-05,7.61445e-05,7.50057e-05,7.36803e-05,7.21898e-05,7.03734e-05,6.75377e-05,6.34277e-05,5.90867e-05,5.33953e-05,4.68248e-05,3.87789e-05,2.9433e-05,1.78332e-05,4.28951e-06,-1.08001e-05,-2.71701e-05,-4.32121e-05,-5.72393e-05,-6.90856e-05,-7.8929e-05,-8.53329e-05,-9.05693e-05,-9.45639e-05,-9.85803e-05,-0.000103681,-0.00010966,-0.000114637,-0.000118556,-0.000120192,-0.000121012,-0.000119755,-0.000117402,-0.000113762,-0.000110215,-0.000106553,-0.000103845,-0.000101422,-9.94957e-05,-9.70714e-05,-9.56594e-05,-9.46081e-05,-9.42363e-05,-9.35976e-05,-9.31453e-05,-9.24292e-05,-9.14004e-05,-8.94148e-05,-8.86695e-05,-8.84168e-05,-8.99671e-05,-9.21497e-05,-9.6482e-05,-0.000100836,-0.000104482,-0.000104097,-9.89005e-05,-8.90091e-05,-7.70104e-05,-6.51753e-05,-5.77525e-05,-5.34979e-05,-5.05345e-05,-4.44548e-05,-3.3769e-05,-2.22968e-05,-1.24765e-05,-7.4587e-06,-7.01844e-06,-1.06813e-05,-2.00686e-05,-3.78913e-05,-7.14317e-05,-0.000125757,-0.000200441,-0.000284442,-0.000367747,-0.000438781,-0.000499073,-0.000546444,-0.000583676,-0.000611482,-0.000634172,-0.000651678,-0.000666801,-0.000674493,-0.000679669,-0.000678578,-0.000675697,-0.000670152,-0.000662308,-0.000653969,-0.000644288,-0.000632438,-0.000615595,-0.000601622,-0.000590692,-0.000570786,-0.000553301,-0.00053638,-0.000522801,-0.000504517,-0.000486639,-0.000475336,-0.000460693,-0.000444461,-0.00042953,-0.000412421,-0.000398595,-0.000384759,-0.000373242,-0.000360122,-0.000348897,-0.000337511,-0.000322702,-0.000309686,-0.000295118,-0.000281886,-0.000266031,-0.000251924,-0.000237824,-0.000221519,-0.000208479,-0.000197588,-0.000186666,-0.000175221,-0.000164564,-0.000154868,-0.000155351,-0.000150105,-0.000145709,-0.000138142,-0.000131319,-0.000121763,-0.000116088,-0.000109643,-0.000103923,-9.7523e-05,-9.00117e-05,-8.65237e-05,-8.47304e-05,-8.01029e-05,-7.52289e-05,-7.36402e-05,-6.71566e-05,-6.46302e-05,-5.63274e-05,-4.67299e-05,-3.85388e-05,-2.8362e-05,-1.5544e-05,-1.06392e-06,1.50569e-05,3.11475e-05,5.12262e-05,7.15432e-05,8.36826e-05,9.69548e-05,0.000113411,0.000126988,0.000145141,0.00015094,0.000155442,0.000149373,0.000141818,0.000127171,0.000121264,0.000107158,9.13933e-05,8.46466e-05,7.23948e-05,6.1196e-05,5.25073e-05,4.0638e-05,4.09505e-05,3.2061e-05,2.33468e-05,-2.67794e-05,
0.00294094,0.00830863,0.00683589,0.00605267,0.00544783,0.00531638,0.00526196,0.0053352,0.00536599,0.00542116,0.00538211,0.00526707,0.00518608,0.00526704,0.00542078,0.00566285,0.00623956,0.007062,0.00820652,0.00946168,0.0106181,0.0115176,0.0120912,0.0125239,0.0127367,0.0128628,0.0128967,0.0131069,0.0133832,0.0136998,0.0139976,0.0144517,0.0152144,0.0166081,0.018604,0.0213451,0.0248891,0.0293671,0.0347759,0.0411449,0.0483159,0.0561785,0.0644039,0.0728172,0.0808521,0.0880595,0.094056,0.0990705,0.102849,0.106004,0.10848,0.11103,0.112922,0.114436,0.115412,0.11613,0.115864,0.115349,0.114101,0.112647,0.110222,0.107683,0.104963,0.102761,0.100742,0.099153,0.0976402,0.0965174,0.095888,0.095602,0.0952654,0.0948557,0.0940234,0.0927222,0.0908689,0.0887234,0.0863526,0.0847232,0.0835298,0.0833668,0.0833669,0.0832935,0.0816432,0.0780473,0.0722677,0.0655187,0.0587756,0.0537194,0.0502572,0.0473007,0.0431209,0.037307,0.0312102,0.0264226,0.0235318,0.0225387,0.0231432,0.0257689,0.0313337,0.0412997,0.0562594,0.0752529,0.0957114,0.114859,0.130026,0.141666,0.149601,0.154798,0.157647,0.159467,0.159806,0.15973,0.158152,0.15611,0.152771,0.149153,0.144936,0.14061,0.135921,0.130994,0.125861,0.120062,0.114789,0.110353,0.104594,0.0991458,0.0939373,0.0893492,0.0844543,0.0798146,0.076026,0.0721241,0.0678921,0.0642198,0.0605033,0.0571258,0.0538827,0.0508516,0.0478384,0.045095,0.0422811,0.0393589,0.0366587,0.0338406,0.0314104,0.0287242,0.0262861,0.0237997,0.0212779,0.0190416,0.0169073,0.0148222,0.0128675,0.0110127,0.0092422,0.00852531,0.00736747,0.00619762,0.00484998,0.00355353,0.0020026,0.000867869,-0.000418587,-0.00155541,-0.00258696,-0.00378621,-0.00489705,-0.00545914,-0.00661253,-0.00740819,-0.00807363,-0.0091479,-0.00974995,-0.0107655,-0.0118095,-0.0125349,-0.0135565,-0.0142214,-0.0149555,-0.0158814,-0.0168862,-0.0172033,-0.018345,-0.0188951,-0.0192092,-0.019498,-0.0202635,-0.0206179,-0.0206436,-0.0205507,-0.0206455,-0.0207736,-0.0205804,-0.0207108,-0.0205874,-0.0207251,-0.0205572,-0.0207038,-0.0206441,-0.0210803,-0.0207454,-0.0213736,-0.0211604,-0.0219848,-0.0139626,
0.000914425,0.0280218,0.0262393,0.0247831,0.02379,0.0222102,0.0210148,0.0200748,0.0191065,0.0183966,0.0176198,0.017094,0.0163946,0.01605,0.0158403,0.0154113,0.0149556,0.0147194,0.014363,0.0139888,0.0136166,0.013262,0.0129239,0.0126276,0.0123573,0.0120586,0.0117931,0.0114679,0.0111793,0.0108727,0.0105702,0.0102939,0.00984841,0.0092207,0.00845551,0.00749337,0.0062786,0.00489963,0.00320997,0.00132591,-0.000781746,-0.0030902,-0.00551457,-0.00803525,-0.0104533,-0.0126644,-0.0144876,-0.0159991,-0.0171778,-0.0180904,-0.0189471,-0.0199307,-0.0207468,-0.021518,-0.0220945,-0.0225334,-0.0226632,-0.0227177,-0.0225833,-0.0223829,-0.0219262,-0.0214167,-0.0208243,-0.0203193,-0.0198548,-0.019436,-0.0189717,-0.0185357,-0.0181901,-0.0178841,-0.0175509,-0.0171197,-0.016567,-0.0159071,-0.0151854,-0.014471,-0.0136912,-0.0131686,-0.0128182,-0.0127324,-0.0127127,-0.0125867,-0.0119406,-0.0106495,-0.008713,-0.0064152,-0.00416299,-0.00239938,-0.00113444,-2.67326e-05,0.00141669,0.00333987,0.00536043,0.00712876,0.0081753,0.00867937,0.00877949,0.00826442,0.0068453,0.00431845,0.000709928,-0.0033518,-0.00692002,-0.00976792,-0.011189,-0.0115426,-0.0109345,-0.0095289,-0.00754787,-0.00526435,-0.00248968,0.000268909,0.00352023,0.00688125,0.0104985,0.0143344,0.0180541,0.0217782,0.0255827,0.0294049,0.0331382,0.0370472,0.0406983,0.0440987,0.0474114,0.0502357,0.0537397,0.0568221,0.0598142,0.0628632,0.0656779,0.0682795,0.0709957,0.0734432,0.0759865,0.0785435,0.0810817,0.0835533,0.0859381,0.0883573,0.0904129,0.0925479,0.0945426,0.0969696,0.098587,0.100392,0.102122,0.10347,0.105048,0.106624,0.108225,0.109853,0.111627,0.113762,0.116009,0.1176,0.118988,0.120063,0.120956,0.122091,0.123297,0.124113,0.125232,0.12627,0.127202,0.128223,0.12862,0.129372,0.130101,0.130758,0.131266,0.13249,0.13286,0.133928,0.134355,0.134922,0.13548,0.135662,0.134961,0.134804,0.133288,0.131436,0.129787,0.127163,0.125151,0.121932,0.118552,0.11493,0.110328,0.106546,0.103638,0.103055,0.101876,0.101944,0.101628,0.102367,0.102843,0.104016,0.104748,0.106447,0.10799,0.110152,0.112575,0.113129,0.0951424,
-0.00195163,-0.00550418,0.00907538,0.0173486,0.0241244,0.0281545,0.0315379,0.0336608,0.0348022,0.0369474,0.037694,0.0389297,0.0400772,0.0415139,0.0437837,0.045605,0.0464178,0.0487057,0.0508611,0.0528533,0.0545696,0.055311,0.0562887,0.0568377,0.05685,0.0568661,0.0571129,0.0570141,0.0569762,0.0569743,0.0567648,0.0569752,0.0572561,0.0578002,0.0586722,0.0604992,0.0626024,0.0658811,0.0695357,0.0740525,0.0790047,0.0842527,0.0898193,0.0954613,0.100557,0.104957,0.108415,0.111121,0.112975,0.114265,0.115471,0.11705,0.118213,0.118723,0.119033,0.119127,0.118561,0.117732,0.116528,0.11477,0.112864,0.110589,0.108354,0.106296,0.104146,0.102416,0.100474,0.0987933,0.0972673,0.0956673,0.0937606,0.0918051,0.0892347,0.0862165,0.0832489,0.0796696,0.0760387,0.0727386,0.0698895,0.0671348,0.0646481,0.0618042,0.0584033,0.054047,0.0487558,0.0431962,0.0379282,0.0333356,0.0294711,0.0254682,0.0209935,0.0171132,0.0140411,0.0122336,0.0105774,0.00907895,0.00738173,0.0045908,0.00100841,-0.00502736,-0.0139485,-0.0254516,-0.0372394,-0.0492397,-0.0593945,-0.0690393,-0.0777886,-0.0853561,-0.0922919,-0.0983333,-0.103384,-0.108156,-0.110939,-0.114019,-0.115753,-0.116408,-0.116861,-0.117001,-0.116435,-0.115721,-0.115008,-0.111085,-0.10895,-0.110541,-0.107109,-0.107676,-0.102859,-0.101194,-0.0974803,-0.0945428,-0.0930691,-0.0911521,-0.0872154,-0.0840954,-0.0793507,-0.0758524,-0.0730542,-0.0697909,-0.0662764,-0.0635972,-0.0605789,-0.0564713,-0.0526096,-0.0480843,-0.0435678,-0.0383345,-0.0343933,-0.0309231,-0.025468,-0.0216071,-0.0198306,-0.0143505,-0.00982492,-0.00573043,-0.00133528,-0.00421046,-0.00379675,-0.00402799,-0.00268485,0.000713135,0.00436882,0.00505464,0.0083019,0.0112917,0.0116455,0.0152183,0.0169093,0.0169273,0.018859,0.0194623,0.0192355,0.0209334,0.0217826,0.0263769,0.0290938,0.0311594,0.0378179,0.0418414,0.046067,0.0511646,0.0568795,0.0600884,0.0684304,0.0679251,0.0716616,0.0738546,0.0738112,0.0774444,0.0775658,0.0724836,0.0682998,0.0678288,0.0591454,0.0575101,0.0537017,0.0499314,0.0432326,0.0402909,0.0415501,0.0367163,0.0360767,0.0380425,0.0407712,0.0382717,0.0267381,
-0.000250544,0.0481113,0.0629136,0.0726393,0.0779257,0.0806942,0.0817753,0.0802034,0.0800737,0.0809235,0.0805885,0.0810009,0.0799359,0.0815554,0.0818122,0.0823939,0.0831127,0.0832361,0.083225,0.0822772,0.0816344,0.080582,0.0796304,0.0788017,0.0779843,0.0769481,0.0762032,0.0756961,0.075134,0.0741129,0.0730337,0.0718017,0.0700718,0.0676928,0.0641589,0.059858,0.0549949,0.0491498,0.0421426,0.0342144,0.024845,0.0147389,0.00405804,-0.00664906,-0.0173587,-0.0266645,-0.0347085,-0.041525,-0.0467429,-0.0519605,-0.0558269,-0.0591991,-0.0614153,-0.0632358,-0.0644055,-0.0648758,-0.0644675,-0.0637681,-0.0624537,-0.061334,-0.0586197,-0.0557779,-0.0522394,-0.04911,-0.0464898,-0.0435241,-0.0411445,-0.0389275,-0.0368788,-0.0353287,-0.0338969,-0.0319548,-0.0298298,-0.0272653,-0.0235883,-0.0197088,-0.0152202,-0.0118841,-0.00869541,-0.00682221,-0.00511271,-0.00348714,-0.00024726,0.00461666,0.0114088,0.0191836,0.0268669,0.0329249,0.0379723,0.0414809,0.0446554,0.0494937,0.0542898,0.0595911,0.0631074,0.0660046,0.0682849,0.0686659,0.0683408,0.066191,0.0629414,0.0588645,0.0561941,0.0521841,0.0505079,0.0489592,0.0485736,0.0485571,0.0487468,0.0495273,0.0497454,0.0490045,0.0504438,0.0495659,0.0497276,0.050329,0.0497294,0.0490509,0.0485912,0.0470534,0.0450081,0.0475485,0.0449721,0.0364619,0.0360716,0.0287611,0.028332,0.0220378,0.0181348,0.0147774,0.0089485,0.00278481,-0.000762327,-0.00652768,-0.00835175,-0.0133469,-0.018631,-0.0228075,-0.0285461,-0.035897,-0.0417263,-0.0458029,-0.0504789,-0.05298,-0.056087,-0.0601402,-0.0633014,-0.0672684,-0.0669422,-0.0675119,-0.0713364,-0.0719985,-0.0710108,-0.0726149,-0.0735279,-0.0829462,-0.0859218,-0.0907522,-0.0935643,-0.0979202,-0.0948192,-0.0971053,-0.0935135,-0.0956546,-0.0955168,-0.092457,-0.0931003,-0.0928574,-0.09026,-0.09,-0.0919467,-0.0884776,-0.0872858,-0.0781916,-0.0755292,-0.0673895,-0.0609795,-0.0525757,-0.044746,-0.0339999,-0.0205347,-0.00922413,0.00607345,0.0177114,0.0358087,0.0481671,0.0647076,0.0833052,0.100906,0.110644,0.122388,0.12938,0.132803,0.138341,0.140261,0.146196,0.148306,0.151219,0.149383,0.154544,0.152945,0.157018,0.167092,0.165072,0.145328,
-0.000115223,0.179309,0.15093,0.137175,0.123277,0.115027,0.111659,0.106061,0.105083,0.102463,0.0977667,0.0934931,0.0911602,0.0895747,0.0874859,0.0841004,0.083087,0.0795672,0.0754641,0.0718265,0.0668401,0.0636027,0.0619717,0.0608216,0.0594359,0.0586415,0.0577032,0.0568012,0.0554015,0.0542869,0.0519784,0.0504981,0.0490997,0.0491045,0.048133,0.0466333,0.0452623,0.0420359,0.0386523,0.0331165,0.0267083,0.0172654,0.0054258,-0.00713876,-0.0201107,-0.0320351,-0.0425453,-0.0499253,-0.0554877,-0.0574377,-0.0593044,-0.060903,-0.0643642,-0.0670991,-0.0700234,-0.0718663,-0.0718106,-0.0694388,-0.0651044,-0.0574556,-0.0501941,-0.0415794,-0.0343391,-0.0281222,-0.0217436,-0.0163059,-0.010333,-0.00514809,0.000561411,0.00605662,0.0120376,0.017258,0.023543,0.0304715,0.0360568,0.0420635,0.0474393,0.0522492,0.0546754,0.0583079,0.0609055,0.0641604,0.0696885,0.078083,0.0891987,0.101178,0.111787,0.118636,0.123205,0.128082,0.133897,0.135005,0.133039,0.127832,0.122429,0.117198,0.111459,0.10706,0.10442,0.104653,0.104262,0.0939615,0.0726398,0.0472759,0.0187722,-0.00394883,-0.0226416,-0.0360238,-0.0466716,-0.0579478,-0.0681685,-0.0721045,-0.0763986,-0.0774482,-0.0778998,-0.079992,-0.0757239,-0.0704408,-0.0684624,-0.0633814,-0.0556659,-0.056248,-0.0540365,-0.0325278,-0.0257711,-0.00419537,-0.00799524,0.00581597,0.0123137,0.0167317,0.030711,0.0387891,0.0385231,0.0464877,0.0466786,0.045628,0.0498769,0.0524341,0.0568537,0.0611135,0.0633793,0.0589097,0.0596568,0.0555927,0.0546077,0.0517749,0.051476,0.0519474,0.0468216,0.0458673,0.0467422,0.0385568,0.0334151,0.0304576,0.0228221,0.0431067,0.0553218,0.0582604,0.0572968,0.0565751,0.0491372,0.0507349,0.0488513,0.044528,0.0413726,0.0356795,0.0318207,0.030215,0.0251932,0.0243834,0.0263597,0.0232877,0.0245582,0.0179257,0.00999139,0.00317271,-0.00783291,-0.0154636,-0.0293827,-0.0423758,-0.0584592,-0.0709333,-0.0898535,-0.0887214,-0.0985761,-0.101284,-0.110005,-0.121251,-0.123362,-0.126774,-0.126018,-0.123107,-0.112184,-0.105651,-0.0948838,-0.0933313,-0.0765068,-0.0690058,-0.0647886,-0.0547335,-0.0505285,-0.0525388,-0.0674095,-0.0724206,-0.0324101,
0.000149497,0.0475633,0.0589287,0.0664147,0.0729245,0.0711338,0.071552,0.0684215,0.0670165,0.0659796,0.0615761,0.0613705,0.0582238,0.0586714,0.059084,0.0602603,0.0601625,0.0607622,0.0647305,0.0670483,0.0689865,0.0720281,0.0726006,0.072416,0.0714882,0.0700413,0.0685627,0.0682619,0.0660574,0.0653228,0.0652559,0.0639796,0.0621748,0.0600676,0.0573507,0.0555821,0.0534027,0.0525785,0.0520296,0.0528338,0.0548472,0.0580826,0.0621451,0.0667552,0.0724209,0.0778682,0.0825492,0.086323,0.0897663,0.0908464,0.0904532,0.0870883,0.0817435,0.0755854,0.0699224,0.0640908,0.0568567,0.0486008,0.0402195,0.0304161,0.0201562,0.00890859,-0.00126337,-0.0103083,-0.0180664,-0.0248081,-0.0309478,-0.0357581,-0.0396452,-0.042309,-0.0447391,-0.0454638,-0.0473855,-0.0502787,-0.0531028,-0.0580317,-0.0632545,-0.0683793,-0.0738346,-0.0803445,-0.0859247,-0.0898504,-0.0923723,-0.0920652,-0.0897143,-0.0859186,-0.0826251,-0.0806581,-0.0796281,-0.079417,-0.076038,-0.067426,-0.0558889,-0.0447071,-0.037654,-0.0351166,-0.0373904,-0.0474664,-0.0704078,-0.110509,-0.160648,-0.200633,-0.220808,-0.222452,-0.209964,-0.192545,-0.171151,-0.150275,-0.127952,-0.103399,-0.0781133,-0.0560263,-0.032203,-0.0111745,0.00905323,0.0289281,0.0446897,0.059087,0.072103,0.0824606,0.0917372,0.10282,0.107558,0.10685,0.108466,0.102328,0.103926,0.0990505,0.0961925,0.0961973,0.0880248,0.0822651,0.0820341,0.0751801,0.0740372,0.0703834,0.0671972,0.061606,0.0581405,0.0544924,0.0489735,0.0469495,0.0429143,0.0398108,0.037363,0.0333664,0.0293835,0.0219996,0.0177184,0.0123533,0.0102782,0.00823122,0.00482427,0.00529123,0.00467572,-0.0062134,-0.012473,-0.0166297,-0.0240368,-0.0287676,-0.0251778,-0.0312912,-0.0300204,-0.0380604,-0.035745,-0.0366112,-0.0372325,-0.0371251,-0.0375777,-0.040326,-0.0406742,-0.042391,-0.0407414,-0.0329712,-0.0347873,-0.0293107,-0.0311619,-0.0240414,-0.0300678,-0.0233456,-0.0275767,-0.0222338,-0.0237302,-0.0343875,-0.0343168,-0.0350917,-0.0527885,-0.0544179,-0.0565356,-0.0634403,-0.0589521,-0.056142,-0.0520323,-0.0425225,-0.0411633,-0.0417054,-0.0367431,-0.0293669,-0.0213635,-0.0232865,-0.016401,-0.00699125,-0.0007973,0.00774087,0.0301582,
-7.18355e-05,-0.292311,-0.215981,-0.16735,-0.127667,-0.111706,-0.0823361,-0.062989,-0.0565282,-0.0437779,-0.0318849,-0.0228699,-0.016382,-0.0129689,0.00116079,0.00859739,0.0120546,0.0188755,0.0251147,0.0322761,0.0365931,0.0403484,0.0458388,0.0489377,0.0516261,0.055358,0.0582766,0.0586668,0.0591898,0.0578857,0.0589644,0.060159,0.0599852,0.0600853,0.0590415,0.059164,0.05906,0.0576493,0.0536994,0.0507831,0.0439501,0.0349366,0.024356,0.00913553,-0.0060048,-0.0200445,-0.0313409,-0.0391337,-0.0443615,-0.0484378,-0.0510849,-0.0517531,-0.0529759,-0.0581046,-0.0627763,-0.0640977,-0.0622393,-0.0585,-0.054138,-0.0480066,-0.0404881,-0.0330979,-0.0263413,-0.0207381,-0.0156622,-0.0116775,-0.00566859,-0.00170391,0.00256597,0.00656995,0.0110857,0.016941,0.0223464,0.0284508,0.0369014,0.0419981,0.0433013,0.0443978,0.0449136,0.0441074,0.0440361,0.0443906,0.0480736,0.053345,0.0596787,0.064763,0.0665426,0.0657766,0.0647348,0.0643948,0.0615212,0.0578626,0.0516611,0.0460172,0.0397363,0.0327761,0.0242458,0.014381,0.00395015,-0.00615813,-0.0147525,-0.0202711,-0.0225002,-0.0270518,-0.0308243,-0.0369384,-0.0448915,-0.0521254,-0.057724,-0.0572533,-0.0583803,-0.0565319,-0.05144,-0.0452036,-0.0331501,-0.0223559,-0.0110272,-0.000886993,0.0110579,0.0192543,0.0271327,0.0417619,0.0494235,0.0522689,0.0573091,0.0484747,0.0525505,0.0508222,0.0510565,0.0554097,0.0474404,0.0438128,0.0427359,0.0399497,0.0423695,0.046348,0.047769,0.0455707,0.0349105,0.0300479,0.0303788,0.0331219,0.0326113,0.0386205,0.0428622,0.0424204,0.0407989,0.0416414,0.0413239,0.0413526,0.0380443,0.0405471,0.0426979,0.0451153,0.0451089,0.00864517,-0.0112286,-0.022905,-0.0343479,-0.0320531,-0.029893,-0.040075,-0.0479176,-0.0503835,-0.0550272,-0.0532602,-0.0618445,-0.071185,-0.0782874,-0.073178,-0.0812725,-0.0789011,-0.0815236,-0.0666627,-0.0641816,-0.053407,-0.0382178,-0.0209971,0.00638793,0.0301459,0.0628755,0.078753,0.0999912,0.109278,0.127223,0.129456,0.148864,0.1566,0.157509,0.13844,0.120354,0.0866204,0.0596339,0.0360862,0.0160737,-0.00510851,-0.048679,-0.0799686,-0.100353,-0.12136,-0.153153,-0.172445,-0.188817,-0.224694,-0.315885,
-8.31889e-05,-0.0215342,0.0259107,0.0589711,0.0717334,0.076943,0.0904202,0.0910986,0.0911691,0.095406,0.0963945,0.0965156,0.0946802,0.0928031,0.0885546,0.087326,0.0847556,0.0804544,0.0766724,0.0765955,0.0781218,0.0773784,0.0747941,0.0734698,0.0693051,0.0657193,0.0652669,0.0650164,0.0652563,0.06563,0.0680439,0.067828,0.0652556,0.0590983,0.0540844,0.0485722,0.0411866,0.0333895,0.0244173,0.0160136,0.00862023,0.00502104,0.00512693,0.00672895,0.00978896,0.0142487,0.01946,0.0199923,0.0181405,0.0132068,0.00917534,0.00574197,0.00711808,0.0128624,0.0184735,0.0251213,0.0288112,0.0294542,0.0248502,0.0148083,0.00687989,-0.00168346,-0.00770372,-0.0126968,-0.0182418,-0.0232538,-0.0305618,-0.0376138,-0.0472667,-0.0559438,-0.064726,-0.0720251,-0.0811303,-0.0874037,-0.0920766,-0.0940524,-0.0957971,-0.0965499,-0.0952933,-0.0947725,-0.0948802,-0.0953371,-0.100167,-0.104693,-0.112761,-0.119189,-0.122956,-0.122693,-0.118513,-0.111734,-0.104723,-0.0919528,-0.0773135,-0.0622081,-0.0478299,-0.0328529,-0.0167165,0.00259715,0.0218206,0.0428526,0.0581952,0.0705816,0.0812484,0.0937859,0.107148,0.11773,0.125169,0.127078,0.123728,0.125835,0.12208,0.110862,0.094913,0.0817589,0.0624233,0.0458151,0.0289653,0.00873106,-0.00282243,-0.015612,-0.0290376,-0.0461086,-0.0523781,-0.0584918,-0.0568335,-0.0666656,-0.0719478,-0.0785334,-0.0835394,-0.0891032,-0.0891993,-0.0856215,-0.0772558,-0.0751422,-0.0783215,-0.0656394,-0.0664036,-0.0605294,-0.0570798,-0.051882,-0.0409565,-0.0301037,-0.0218141,-0.0179032,-0.00853988,-0.0049963,0.000829656,0.008347,0.0145699,0.019324,0.0236283,0.0270488,0.0274629,0.0356871,0.0357172,0.0457923,0.0417921,0.0449742,0.0498293,0.0542152,0.044888,0.046213,0.0447086,0.0501038,0.0459066,0.0505854,0.0494207,0.0569111,0.0528345,0.0514815,0.0545181,0.0428535,0.0396793,0.0346095,0.018078,0.00864106,0.0079884,0.00272339,-0.0106198,-0.0100259,0.00237863,-0.00421803,0.0194244,0.00838329,0.00295257,0.00630859,0.0246489,0.0442525,0.0382104,0.0614875,0.065419,0.0539581,0.0462653,0.034078,0.00523861,-0.0148507,-0.0297278,-0.0417386,-0.0772924,-0.123718,-0.133584,-0.149896,-0.199407,-0.239027,-0.242582,
-3.97289e-05,-0.212892,-0.129332,-0.0975459,-0.0749913,-0.0742442,-0.0620803,-0.0570646,-0.0491958,-0.0386614,-0.0354507,-0.0354613,-0.0273325,-0.025544,-0.022574,-0.0239191,-0.0150042,-0.0168951,-0.0158357,-0.0160337,-0.0190698,-0.020718,-0.0211504,-0.0217853,-0.0213787,-0.0211668,-0.018315,-0.0191466,-0.0195429,-0.0192715,-0.0199037,-0.0207286,-0.0201897,-0.0195416,-0.0169775,-0.0135911,-0.00821056,0.000204382,0.00847571,0.0194513,0.0304787,0.0397416,0.0524564,0.0665342,0.0764747,0.0871505,0.0937104,0.100317,0.103681,0.105889,0.104803,0.100326,0.093997,0.0868074,0.0805956,0.0698717,0.0581335,0.0463778,0.0362376,0.0273491,0.017016,0.00601412,-0.00345412,-0.0132833,-0.0216818,-0.0298161,-0.0350283,-0.0411841,-0.0431044,-0.0463163,-0.0506684,-0.0532943,-0.0579236,-0.0633241,-0.0701076,-0.0773914,-0.0812108,-0.0847005,-0.0889874,-0.0918882,-0.0959327,-0.0994827,-0.103896,-0.104892,-0.100073,-0.0919854,-0.0791622,-0.0657537,-0.0519078,-0.0386435,-0.0221926,-0.000483196,0.0262543,0.0558517,0.0849373,0.116526,0.153478,0.190946,0.230361,0.262355,0.267352,0.242371,0.191071,0.126815,0.0638322,0.012784,-0.0249416,-0.0513375,-0.0683289,-0.080102,-0.0854733,-0.0870006,-0.0841135,-0.0812148,-0.0766295,-0.0708223,-0.0664791,-0.054818,-0.0533889,-0.0478718,-0.0438026,-0.0362324,-0.0277147,-0.0260304,-0.0210705,-0.00577448,0.00548551,0.00774292,0.0176048,0.0294569,0.0411631,0.0386846,0.0440426,0.0493537,0.0562711,0.0640084,0.0619347,0.0680371,0.0707662,0.0657048,0.0710351,0.0677607,0.0640798,0.0634821,0.0567978,0.0481759,0.0475218,0.0442852,0.0362289,0.0312384,0.0367512,0.027366,0.0201604,0.0122232,0.0155584,0.0155027,0.0144589,0.00993017,0.00482466,0.00161078,0.000449302,-0.00638152,-0.0157652,-0.017404,-0.0136777,-0.0200426,-0.0232113,-0.0339949,-0.0327176,-0.0386886,-0.0477439,-0.0338042,-0.0422672,-0.0315344,-0.0284273,-0.0352934,-0.0563035,-0.0488897,-0.0480298,-0.053397,-0.049684,-0.0696461,-0.0826212,-0.0628971,-0.0590799,-0.0392512,-0.0523015,-0.0270774,-0.00765644,-0.0226058,-0.00276102,-0.00152844,0.00426963,0.0363688,0.0280919,0.0539724,0.0414385,0.0791932,0.084112,0.0722496,0.0503973,0.111667,0.0691055,0.0338202,-0.0768085,
3.21832e-05,-0.336258,-0.257455,-0.190343,-0.139447,-0.123323,-0.0943474,-0.066238,-0.0483529,-0.0272298,-0.0183066,-0.000457017,0.00844815,0.0251682,0.036735,0.0448875,0.0536982,0.0608637,0.0619857,0.0643099,0.06299,0.0650106,0.06395,0.0674342,0.0735318,0.0730041,0.0763103,0.0774675,0.0790533,0.079339,0.0797467,0.0787162,0.0788563,0.0779631,0.0793015,0.0778816,0.0723077,0.070421,0.0661527,0.0625479,0.0551031,0.0473019,0.0386324,0.0291177,0.0226984,0.0146405,0.00549365,-0.000521449,-0.00803658,-0.012498,-0.0146506,-0.0169093,-0.0188658,-0.0237316,-0.0260934,-0.0303411,-0.0330018,-0.0362975,-0.0398001,-0.0389617,-0.0396497,-0.0377863,-0.0357473,-0.0352446,-0.0320634,-0.0324206,-0.0299004,-0.0259109,-0.0251424,-0.0238375,-0.0220079,-0.023513,-0.0222914,-0.0223088,-0.0219928,-0.021975,-0.0149351,-0.0133647,-0.00856093,-0.00878604,-0.00661228,-0.00709495,-0.00319117,-0.000802829,0.00614161,0.0142198,0.0258209,0.0304653,0.0325024,0.0311831,0.0299825,0.0310473,0.0322158,0.0364479,0.0369103,0.0344647,0.0287277,0.0169334,0.000857825,-0.0195211,-0.0306301,-0.0348984,-0.0292854,-0.0230974,-0.0105906,0.00151594,0.0149107,0.0289531,0.0405406,0.0435544,0.0466803,0.0506176,0.058016,0.0590477,0.0615143,0.0590017,0.05086,0.0476994,0.0377292,0.0312514,0.0251277,0.0286177,0.0175176,-0.00899363,-0.0283161,-0.0346328,-0.0172222,-0.0133515,-0.00627087,-0.029083,-0.0316103,-0.0324359,-0.0281613,-0.0365668,-0.0350177,-0.0378305,-0.0354588,-0.0399579,-0.0457015,-0.0416614,-0.0437696,-0.0514228,-0.060592,-0.0601394,-0.0633172,-0.071381,-0.0627412,-0.0673646,-0.0700838,-0.0616661,-0.0595915,-0.052409,-0.0451537,-0.0362874,-0.0382979,-0.0460666,-0.0313498,-0.0282508,-0.0150036,-0.000649738,0.0277975,0.0130693,0.0378903,0.0421045,0.032158,0.0372562,0.0602053,0.0709472,0.074606,0.0799101,0.065352,0.0920005,0.093983,0.105282,0.129723,0.12405,0.115169,0.0942014,0.106067,0.101424,0.0762137,0.0450184,0.0280824,-0.0120623,-0.0191834,-0.0701748,-0.0815573,-0.101634,-0.147317,-0.180685,-0.187622,-0.175034,-0.123261,-0.111532,-0.129571,-0.0544862,-0.0540298,-0.0123936,0.00417439,0.065695,0.0588399,0.131503,0.175668,0.227235,-0.109668,
-5.3921e-05,0.197049,0.131582,0.0633073,0.0333029,-0.005271,-0.00360684,-0.023991,-0.0277631,-0.034278,-0.0377812,-0.0388317,-0.0461513,-0.0543943,-0.0542151,-0.0537714,-0.0524038,-0.0508265,-0.0518786,-0.0538516,-0.0549596,-0.048999,-0.0447384,-0.0394063,-0.0341509,-0.0305965,-0.0286434,-0.0273936,-0.02473,-0.0291459,-0.0280155,-0.0280659,-0.0239857,-0.0158983,-0.00825023,-0.00095937,0.0119935,0.0264649,0.0382891,0.0521812,0.0655602,0.0717371,0.0710571,0.0689586,0.0618929,0.0629233,0.0600543,0.066006,0.0774117,0.0881314,0.0894526,0.0814043,0.0623442,0.0418856,0.0163191,-0.00522288,-0.0228646,-0.0362031,-0.0437564,-0.042149,-0.0444075,-0.0498842,-0.0580961,-0.0665824,-0.0754017,-0.0800038,-0.082056,-0.082233,-0.0769476,-0.0716804,-0.059162,-0.0491124,-0.034513,-0.0289197,-0.026704,-0.0278639,-0.0335785,-0.0451863,-0.0561498,-0.0654751,-0.0688213,-0.0679808,-0.0557178,-0.0319103,-0.00623566,0.0211667,0.0422432,0.0513352,0.062128,0.0703759,0.087088,0.101154,0.109221,0.11664,0.124584,0.132803,0.142698,0.153796,0.154874,0.131228,0.0880606,0.0414683,0.00986601,-0.014456,-0.0284605,-0.0458225,-0.0526099,-0.0560552,-0.0496474,-0.0371299,-0.0267029,-0.020746,0.016751,0.0333443,0.0521636,0.0705009,0.0833623,0.0924474,0.0982432,0.0988623,0.0881577,0.0953617,0.0684929,0.0355772,0.0180951,0.00783722,0.00409848,-0.012576,-0.0270085,-0.0400175,-0.0521953,-0.0579331,-0.0577309,-0.0711304,-0.0565492,-0.0643434,-0.0653905,-0.0595122,-0.069221,-0.0760294,-0.0733731,-0.0808392,-0.0696202,-0.0674543,-0.0535709,-0.0605137,-0.0513152,-0.0420513,-0.039062,-0.0297492,-0.0357614,-0.0263191,-0.0205606,-0.0113446,-0.014372,-0.0227753,-0.0331596,-0.0329844,-0.0323541,-0.0327411,-0.00398306,-0.0158555,-9.84286e-05,0.00742442,-0.00457281,0.000142486,0.0117902,0.0225793,0.0066954,0.0159006,-0.00166209,0.0146211,0.007621,0.0400819,0.0347601,0.0400736,0.070147,0.0741179,0.0848466,0.115847,0.128428,0.15002,0.118776,0.130569,0.143147,0.126678,0.104146,0.0692928,0.0734188,0.0261832,-0.00440222,-0.055937,-0.0563928,-0.0843452,-0.10053,-0.0923004,-0.0736577,-0.111029,-0.141057,-0.182428,-0.136527,-0.0847867,-0.0660856,-0.068509,0.27931,
5.6067e-05,-0.0832361,-0.0737651,-0.0604435,-0.031498,-0.032754,-0.0341642,-0.0427103,-0.0361812,-0.023631,-0.0268703,-0.0155856,-0.00541438,-0.00540447,-0.00161703,0.00642999,0.0160777,0.0193024,0.0237408,0.0287908,0.0361756,0.0346458,0.0386178,0.0451714,0.0492374,0.0497573,0.0539552,0.0552473,0.0606254,0.0601529,0.0689167,0.0661195,0.0679271,0.0672785,0.065665,0.0640414,0.055755,0.0520509,0.0420614,0.032503,0.0186515,0.0089298,-0.000367132,-0.0104609,-0.0180237,-0.0292542,-0.0338318,-0.0430967,-0.0495017,-0.0603955,-0.0639756,-0.0663654,-0.0543852,-0.0428255,-0.0278578,-0.0169976,-0.0043629,0.00682941,0.0143057,0.0206005,0.031326,0.0372899,0.0486807,0.055966,0.0603135,0.0613584,0.0585436,0.0554787,0.047045,0.0363386,0.0214696,0.00793777,-0.00699293,-0.0181815,-0.0269775,-0.0259067,-0.0255797,-0.0240702,-0.0218778,-0.0221819,-0.0216745,-0.0267486,-0.029228,-0.0352869,-0.0416101,-0.0494729,-0.0550343,-0.0569217,-0.0542966,-0.0563539,-0.0663339,-0.0669399,-0.0661692,-0.058107,-0.0538366,-0.0511571,-0.04865,-0.0535345,-0.0468522,-0.0297982,0.000249859,0.0435445,0.084232,0.100892,0.109607,0.103207,0.0881368,0.0751678,0.0518839,0.0355556,0.0195737,-0.0055929,-0.0131278,-0.0431928,-0.047144,-0.0492338,-0.0659242,-0.0716157,-0.0715535,-0.0686462,-0.0679906,-0.0245787,0.000596408,-0.0500631,-0.0370789,-0.0769125,-0.0277807,-0.0325225,-0.0117054,0.00118942,-0.0148699,-0.0208414,0.00416092,0.003625,0.0199401,0.0338568,0.0460594,0.0595937,0.0591318,0.048483,0.0377838,0.0515201,0.0553419,0.0662759,0.0718047,0.0921246,0.0625959,0.0648719,0.05854,0.0461306,0.0549123,0.0619176,0.0927991,0.106248,0.106872,0.0499692,-0.0230042,-0.0343791,-0.0446098,-0.0444847,-0.0230247,-0.0387694,-0.0458057,-0.0298696,-0.0451268,-0.0281823,-0.021445,-0.038547,-0.0461314,-0.0334669,-0.0761943,-0.0770473,-0.0754351,-0.0665759,-0.0509173,-0.0419757,-0.0109975,-0.027417,-0.0159143,0.0106434,0.046838,0.0430432,0.0657569,0.0203586,0.0492121,0.0230175,0.0138928,0.0279488,0.0186622,0.0181287,-0.0245831,-0.0226056,-0.113555,-0.0882798,-0.109349,-0.0694925,-0.100014,-0.128604,-0.181606,-0.128719,-0.0820496,-0.0297575,0.0750623,0.150903,0.634246,
-6.69655e-06,-0.179625,-0.142413,-0.122896,-0.0879236,-0.0488979,-0.0367354,-0.0154596,-0.00307269,-0.000805185,0.0047342,0.0236316,0.019529,0.0115789,-0.00049408,0.000450036,-0.0052925,-0.0127685,-0.0189803,-0.0215788,-0.0139765,-0.0118079,-0.00589779,0.000485474,0.00144328,0.0039942,0.012228,0.0180125,0.0177425,0.0222219,0.0267374,0.0258877,0.0237324,0.022644,0.0187583,0.0131204,0.00535934,-0.0041922,-0.0175405,-0.0279803,-0.0397612,-0.040664,-0.0476508,-0.0443488,-0.0384866,-0.0284868,-0.0152759,0.000730333,0.0200156,0.0362378,0.0368822,0.0299255,0.022629,0.027082,0.0299686,0.0305136,0.0327272,0.0270341,0.0262163,0.0236981,0.0221428,0.0109219,0.00221198,-0.00519896,-0.0144137,-0.0193829,-0.0275839,-0.031464,-0.0345245,-0.0376643,-0.0349858,-0.0293507,-0.0238717,-0.0180128,-0.0210772,-0.0148908,-0.0128294,-0.0133361,-0.0182208,-0.0219901,-0.0235835,-0.0123376,-0.00259041,0.0132616,0.0344737,0.050791,0.05904,0.0632217,0.0635032,0.0779113,0.0938567,0.114752,0.127899,0.126831,0.123658,0.110129,0.0921982,0.0618244,0.0161739,-0.0435052,-0.111824,-0.157832,-0.170369,-0.14766,-0.102202,-0.0565327,-0.0120409,0.0164924,0.0377758,0.0591124,0.0658273,0.0717531,0.0785404,0.0716848,0.058299,0.0359053,0.0199321,-0.00574069,-0.00550025,-0.00675931,-0.0134894,-0.01535,-0.0234244,-0.0357535,-0.0212476,-0.0295598,-0.0500052,-0.0450805,-0.0384858,-0.0322593,-0.0255054,-0.00778688,-0.00995534,-0.0102819,-0.0364252,-0.0236991,-0.0167132,-0.0104996,-0.0107336,-0.0180608,0.012031,-0.0021488,0.00156959,-0.000792387,-0.0088643,-0.0060722,0.00629622,0.0224091,0.0183262,0.0209774,0.0184354,0.0260941,0.00642878,0.00689299,0.00344514,0.0230088,0.0169022,0.0343434,0.0220115,0.0411792,0.0479121,0.0499134,0.0575844,0.0913154,0.0850912,0.0906403,0.0772262,0.0451739,0.0857847,0.0668877,0.0559757,0.0328533,0.0399415,-0.00427319,-0.00601933,-0.0695802,-0.10411,-0.106594,-0.126774,-0.103568,-0.166588,-0.116051,-0.151874,-0.11339,-0.0615979,-0.110245,-0.105837,0.0313437,0.0535785,0.0582486,0.0788417,0.10207,0.00315735,0.0914119,0.136062,0.0266735,0.10923,0.0821551,0.0756888,-0.0189126,-0.125548,0.152289,-0.357929,-0.109409,0.371918,
9.93992e-06,-0.0367129,-0.0530769,-0.0400962,-0.0064649,-0.029516,0.000661508,-0.00933691,0.0107635,-0.0112525,-0.000348076,-0.00235492,-0.00589163,-0.00756199,-0.0109117,-0.005348,-0.00917672,-0.00212191,-0.00410376,-0.00303666,0.000760582,0.00406782,0.0081751,0.00715771,0.00940027,0.0116526,0.013101,0.00811552,0.00559875,0.0051919,0.0142961,0.013054,0.00799186,0.0118736,0.0147353,0.0131757,0.0151039,0.0161867,0.0162147,0.0170495,0.00923068,0.00678936,0.00255044,0.00209877,-0.0036257,-0.0109946,-0.0141548,-0.0114256,-0.0105537,-0.0099295,-0.00968563,-0.0138978,-0.0139853,-0.0156388,-0.0107633,-0.00957285,-0.00670052,-0.00505194,-0.000643139,0.000735047,0.00489692,0.00709819,0.00822064,0.0108382,0.0118253,0.00930334,0.0124201,0.0117753,0.0101099,0.010438,0.00886021,0.0108827,0.00979968,0.00981473,0.00481382,0.00407969,0.00359881,0.00189651,-0.000908035,-0.0036434,-0.00548959,-0.00704806,-0.00701842,-0.00593336,-0.00293115,0.00105485,0.0021242,0.00499502,0.00487717,0.00500866,-0.000659439,-0.00107515,-0.00229725,-0.00123183,-0.00360909,-0.00642487,-0.00397109,-0.00607511,-0.0083945,-0.00411205,-0.00158017,0.00356623,0.00398479,-0.00116645,-0.00244427,-0.00969786,-0.0123505,-0.0134092,-0.0136813,-0.015202,-0.0129537,-0.000910359,-0.00298001,-0.00529889,-0.0062182,0.00880503,0.0102463,0.00211782,0.0101391,0.00885344,0.0175431,0.0195289,0.0332949,0.0240797,0.00934733,-0.0121596,0.00532378,0.00708257,0.00910078,0.0278099,0.0028676,-0.00248033,-0.000363331,0.0160434,-0.0189733,-0.00244995,-0.00855935,-0.00950077,-0.0109379,-0.0154708,-0.00509196,-0.0145586,-0.0263719,-0.0121435,-0.0235909,-0.0132681,-0.0259371,-0.00708328,-0.010345,-0.0151944,0.0153391,0.00670645,0.00264783,-0.014258,0.0143218,-0.00770177,-0.0162606,-0.0434812,-0.0201627,-0.0287013,-0.00254713,-0.00335108,0.0030768,-0.0143351,0.029617,0.0235328,0.0047722,0.0348653,0.0384246,0.0286189,0.0217392,0.0309171,0.0304876,0.0327492,0.0334926,0.0247879,0.0448782,-0.0339046,0.0311942,-0.0292806,-0.0169846,-0.00669294,-0.0393573,-0.0290105,-0.00561528,-0.0111693,-0.0678669,-0.0174576,-0.0154701,-0.0568789,-0.0184749,0.00601022,-0.0834136,0.130211,0.0453091,0.0205515,-0.0352614,0.0649385,-0.0184785,0.129164,0.0908795,-0.0638321,0.502512,-0.773376,0.18486,
-1.16817e-05,0.027338,-0.00851194,-0.0208734,-0.00282143,0.0184621,0.0216916,0.0223065,0.0315328,0.0222516,0.0183659,0.015909,0.0147369,0.0136323,0.0109333,0.00229417,-0.0110946,-0.0150936,-0.0173469,-0.0340518,-0.0233084,-0.0284334,-0.02441,-0.0109273,-0.0103207,-0.0109368,-0.00108306,-0.000268117,0.00441307,0.00472817,0.00274468,0.00923192,0.0109033,0.0011336,-0.0064864,-0.0203266,-0.0327402,-0.0474129,-0.0641232,-0.079509,-0.0937706,-0.0977763,-0.101952,-0.0956603,-0.0868846,-0.0608573,-0.0422056,-0.0192589,0.0101691,0.0307057,0.0456444,0.0574684,0.0603043,0.0589605,0.0567791,0.0580973,0.0580286,0.0558594,0.0581085,0.0543056,0.052506,0.0395687,0.0319786,0.02108,0.0115442,0.00265285,-0.00644005,-0.012553,-0.0261433,-0.0309625,-0.0373077,-0.0407146,-0.0407349,-0.0408509,-0.0356681,-0.0353573,-0.0369888,-0.0454602,-0.0411699,-0.0484498,-0.0492208,-0.0434367,-0.0318031,-0.0118031,0.00897274,0.0253644,0.0422407,0.0470224,0.0537976,0.0718859,0.0862028,0.111864,0.122754,0.127127,0.124702,0.112295,0.0923399,0.0618078,0.0174949,-0.0432976,-0.103239,-0.132614,-0.116595,-0.0917803,-0.0462159,-0.00993649,0.0273014,0.039005,0.0514192,0.0700691,0.0721579,0.0627626,0.056575,0.0468539,0.022693,0.00319347,-0.01716,-0.0279375,-0.0256993,-0.0467744,-0.0475754,-0.0361777,-0.0341245,-0.0498397,-0.0203764,-0.0241971,-0.0242498,-0.034537,-0.0422586,-0.0495628,-0.0391348,-0.0273233,-0.0161786,-0.00924506,-0.0094705,-0.00871681,0.0428521,0.0278159,0.016026,0.025069,0.00543768,0.0182334,0.0251132,0.0219323,0.0513907,0.0412373,0.0485901,0.0566218,0.0300808,0.0184533,0.00611553,0.0119846,0.0260534,0.0512071,0.0474564,0.00797998,0.0156327,-0.0185983,-0.0139956,-0.003394,6.81476e-05,0.00185668,0.0196534,0.00172133,0.0156463,0.0261386,0.00883576,0.0139708,0.00243091,-0.0214221,-0.0148805,0.000514445,-0.0771238,-0.0111494,-0.011155,-0.0624311,-0.067394,-0.0463137,-0.0320414,-0.0176302,-0.0175107,-0.107627,-0.00806209,-0.0465227,-0.0160424,0.00517197,0.0125635,0.0869896,0.0522491,0.132476,0.0371493,0.0852496,0.0189889,0.0381224,-0.0201889,0.0900399,-0.180749,-0.152343,-0.134818,-0.286047,0.0130433,-0.136894,0.538752,0.215602,-0.203388,
1.06129e-05,0.013845,-0.0390858,-0.0548099,-0.0708794,-0.024518,-0.0388822,-0.0157769,-0.0544723,-0.0386023,-0.018061,-0.0193402,-0.00939714,-0.010862,-0.0227613,-0.0335853,-0.0111186,-0.00665466,-0.00516981,-0.00262827,0.00286929,0.00292717,0.00402058,0.00299882,0.00590631,0.00889563,0.0101449,0.010346,0.0178659,0.0207006,0.023036,0.024447,0.0263772,0.028332,0.0390221,0.0430073,0.0464602,0.048631,0.0483565,0.0456874,0.038655,0.033487,0.0283326,0.0202869,0.00985578,-0.000700335,-0.0119894,-0.0223482,-0.0371071,-0.0386984,-0.0545884,-0.0696236,-0.0736176,-0.0534627,-0.0409837,-0.0299137,-0.0229625,-0.00888298,-0.00309522,0.0054793,0.00634209,0.0147126,0.0231944,0.0296385,0.0350821,0.0360692,0.0375918,0.0409105,0.0382354,0.0372444,0.0354775,0.0336203,0.0321928,0.025588,0.0147879,0.00930311,0.022451,0.0201326,0.016459,0.019571,0.0135915,0.00614307,0.0013317,-0.0104583,-0.0174982,-0.0264537,-0.0341605,-0.0373245,-0.0412689,-0.0398128,-0.0398818,-0.0373497,-0.0340374,-0.0249801,-0.0175848,0.00503336,0.0327376,0.06431,0.0918785,0.0968459,0.0834528,0.0436885,-0.000360567,-0.0270583,-0.0549299,-0.0617441,-0.0693075,-0.0632705,-0.062174,-0.0630194,-0.056048,-0.0362975,-0.0243462,0.00530975,0.0167143,0.0467215,0.0569189,0.0807438,0.0744126,0.0791954,0.0711757,0.0602722,0.0578857,0.045121,0.029402,0.00766686,0.00843002,0.0197344,-0.00635793,-0.0037902,-0.0102587,-0.00455617,-0.0302259,-0.0411765,-0.0414732,-0.058512,-0.0713189,-0.0569881,-0.0441683,-0.038892,-0.0429996,-0.0314168,-0.0457137,-0.054425,-0.0484955,-0.0403865,-0.0210328,-0.0129913,-0.00274878,-0.0111815,0.0282296,0.0425237,-0.00154651,-0.0090192,0.0337234,0.031928,0.0567489,0.0908912,0.0648843,0.0775575,0.0557079,0.0297711,0.0779426,0.0457711,0.0270864,0.0557064,0.0512656,0.0313171,0.0504752,0.0186464,0.0137001,-0.00631983,0.0320043,-0.0122171,0.0126797,-0.0522218,0.0183052,-0.0765734,-0.0510521,-0.0794607,-0.0855466,-0.085283,-0.00545898,-0.0240179,-0.0794478,-0.0530686,-0.120629,-0.0941993,-0.0463048,0.0423653,0.0622252,0.0371715,0.0074422,0.00774324,0.124605,0.108146,0.10976,0.0863999,0.103231,-0.00736997,0.0791422,-0.728105,0.0547812,0.208736,0.102454,
1.12081e-05,0.175715,0.040278,-0.00683596,-0.0107532,-0.0364031,-0.0288339,-0.0523148,-0.0438084,-0.029678,-0.0277794,-0.0304571,-0.03328,-0.0431935,-0.0519148,-0.0313366,-0.0178569,-0.022057,-0.0230739,-0.00886897,-0.00281634,-0.00633471,-0.00359727,0.00703842,0.00440534,0.00268657,0.00892419,0.012084,0.0164524,0.0213078,0.0185918,0.0205799,0.0236858,0.0314755,0.0422415,0.043095,0.0473388,0.0469386,0.0476522,0.0466299,0.042498,0.0337064,0.0246568,0.0191947,0.00990792,-0.00124274,-0.0133935,-0.0280391,-0.0431995,-0.0519482,-0.0659233,-0.0718265,-0.0721887,-0.0598975,-0.0457999,-0.0307359,-0.0217835,-0.0131423,-0.00565222,0.00507709,0.0127265,0.0257959,0.0337558,0.0453989,0.054738,0.0563161,0.0550255,0.0537495,0.0509968,0.0459272,0.0387211,0.0303369,0.0256073,0.0143952,0.00318859,0.00155638,0.00905397,0.00997561,0.00737497,0.00986862,0.00944764,0.00336798,-0.00425638,-0.0164102,-0.0226033,-0.0324593,-0.0349534,-0.0360951,-0.0370768,-0.04257,-0.0410052,-0.0396567,-0.0345325,-0.0264325,-0.0152857,0.00429361,0.0191676,0.0361894,0.0476898,0.0436399,0.0290762,0.00591106,-0.00705704,-0.0161602,-0.0225184,-0.0233803,-0.0278801,-0.0197983,-0.0232395,-0.0222354,-0.0386102,-0.0269096,-0.0184971,-0.0137959,0.00367758,0.0134088,0.0353963,0.0395806,0.0419255,0.0601993,0.0439547,0.0530451,0.0528424,0.0010617,-0.0258306,-0.0304868,-0.00252176,0.0116178,-0.00482289,0.00396281,0.00126137,0.00250347,-0.0135284,-0.0116238,-0.0158457,-0.0188245,-0.0117098,-0.00845884,-0.00617839,-0.0172762,-0.0223326,-0.0183675,-0.0387233,-0.0170131,-0.0349116,-0.0146155,-0.0200193,-0.00509678,0.00326748,-0.0185959,0.0123191,0.00433502,0.0272516,0.0573117,0.0474131,0.00627877,0.0261263,0.0452906,0.0064105,0.0259283,0.0253433,-0.00422079,-0.00873463,-0.010606,0.0546712,0.0540822,0.00701101,0.00777526,0.0199746,-0.0109694,0.00274565,-0.01347,-0.00208566,-0.0324604,0.0152849,-0.0230679,0.0239529,-0.00711479,0.0233444,-0.0391879,-0.0494829,-0.0381971,-0.0216559,-0.0344759,-0.0364618,-0.0694209,-0.0690459,-0.0250934,0.0543544,-0.0132872,-0.0106214,0.0409732,0.0559656,0.00699305,0.0574705,0.0396746,0.0896531,0.200958,-0.015658,-0.0273046,-0.765326,0.258633,0.236898,0.0691909,-0.112605,
5.08396e-06,0.0819537,0.0463554,0.0617334,0.00395605,0.00615656,-0.0178101,-0.0254832,-0.0312494,-0.0224734,-0.0347587,-0.0486235,-0.0458791,-0.0355852,-0.0493812,-0.0505105,-0.0558805,-0.0524919,-0.045969,-0.0534041,-0.0364005,-0.0215108,-0.00558748,0.006616,0.0153207,0.0194202,0.0257909,0.0266502,0.030955,0.0310691,0.0355043,0.0357697,0.0442957,0.0452295,0.0453088,0.0485672,0.0479131,0.0421711,0.0332275,0.0148645,0.00147367,-0.0174936,-0.0284755,-0.0477499,-0.0539181,-0.054839,-0.0592536,-0.048693,-0.035218,-0.0253487,-0.0254589,-0.0289809,-0.0251442,-0.0201681,-0.0141145,0.00249101,0.0179347,0.0255745,0.0422965,0.0519803,0.061359,0.0730843,0.0748485,0.0767647,0.0683009,0.0656437,0.0476528,0.0365823,0.0197653,0.0096155,-0.00452657,-0.00573426,-0.0085806,-0.0172666,-0.0217404,-0.0232663,-0.0289507,-0.0387538,-0.0434455,-0.0598883,-0.0650897,-0.0657368,-0.0584981,-0.0425719,-0.0276786,-0.0200446,-0.0121642,-0.00868938,-0.000790304,0.00772714,0.0231977,0.0479891,0.0592788,0.0658843,0.0684947,0.0607291,0.0573074,0.0493549,0.0338357,0.000342099,-0.033935,-0.0478532,-0.0381186,-0.0129393,0.00903554,0.023792,0.0249088,0.0141242,0.00593681,0.00651607,0.00545418,-0.0252999,-0.0279162,-0.0278298,-0.0213688,0.00705333,0.010902,-0.00196773,0.017072,0.0233833,0.0302122,0.0614803,0.0770446,0.0179167,0.0132515,-0.0459833,0.00796949,-0.0111562,-0.00715424,-0.00737505,-0.029832,-0.0363153,-0.0226962,-0.021536,-0.0339053,-0.0410757,-0.0236955,-0.0393906,-0.00923375,-0.0315973,-0.0476103,-0.0170917,-0.0234689,-0.0134272,-4.42559e-05,0.0120698,0.0428675,0.0233045,0.0451477,0.0395709,0.0320237,0.0467402,0.0539741,0.0859289,0.0830951,0.0101562,-0.0489747,-0.0423498,-0.0525749,-0.071592,-0.00317906,0.00882557,0.015048,0.0150512,0.0381093,0.0385943,0.0451963,0.0469162,0.0398242,0.033028,0.0476052,-0.0505124,-0.0104534,-0.0335203,-0.0014642,-0.0495253,-0.0706314,-0.0788524,-0.0827635,-0.058525,0.00130379,-0.0121363,0.0234302,0.0277735,-0.00806089,0.0778993,-0.0370775,0.0556416,0.0391698,0.0475527,0.0490259,-0.0761,0.137418,0.0358963,-0.1425,-0.26301,-0.247527,-0.23341,0.087844,0.665957,-0.0100254,-0.0247628,-0.0545277,0.0410187,-0.0949714,
7.33622e-06,0.158999,0.0332334,-0.0183201,-0.101681,-0.0540741,-0.0623973,-0.0576625,-0.0178261,-0.052208,-0.0303762,-0.0273965,-0.0332699,-0.0300021,-0.0343541,-0.0329021,-0.0231606,-0.0329145,-0.0236181,-0.0250144,-0.0098213,-0.00890658,0.00348304,-0.00155387,0.00256861,0.013759,0.0121364,0.00888919,0.017911,0.0215082,0.0274321,0.026309,0.0301342,0.037608,0.0482011,0.0529445,0.0570679,0.0576552,0.0582168,0.0599175,0.0482128,0.0459131,0.0322206,0.0210192,0.00616564,-0.00542222,-0.0107531,-0.02119,-0.0267192,-0.0353256,-0.0468645,-0.0568619,-0.0499531,-0.0445495,-0.0377083,-0.0306153,-0.0210213,-0.0145523,-0.0027739,0.00172438,0.0120884,0.0251386,0.0282881,0.0322885,0.038063,0.0422825,0.0367541,0.0371837,0.0313573,0.0278473,0.0259458,0.0240732,0.0185913,0.0133707,0.00705834,0.0056112,0.003092,-7.79747e-05,-0.00274358,-0.00856243,-0.0101934,-0.0156829,-0.0159822,-0.0158129,-0.0177784,-0.0192476,-0.0227938,-0.0249795,-0.0226634,-0.0251661,-0.0192385,-0.0161442,-0.0105799,-0.00709628,0.00236697,0.0143403,0.0337485,0.0438685,0.057153,0.0455912,0.0153871,-0.0192486,-0.0326265,-0.0417118,-0.0340367,-0.0316741,-0.0295972,-0.0217956,-0.00899597,-0.0128707,-0.00800058,-0.00700896,2.28199e-05,0.00918361,0.019108,0.0250255,0.0441004,0.0570686,0.0381771,0.0482499,0.0328323,0.0206029,0.032875,-0.000417093,-0.00382316,0.000120856,-0.0164729,-0.000642298,-0.0302717,-0.0301669,-0.0450595,-0.0138341,-0.024133,-0.0150863,-0.0425936,-0.0267823,-0.0213086,-0.030434,-0.0172362,-0.0312298,-0.0327342,-0.00150763,-0.0194535,-0.0419208,-0.033376,-0.022072,0.00587126,0.011478,-0.0087416,0.0249472,0.0415117,0.0424577,0.0318559,0.0317062,0.0476474,0.0560732,0.0843176,0.0577539,0.0793883,0.0388029,0.0289338,0.0626218,0.0240235,0.015719,0.00785033,0.0409256,0.0157337,-0.00144152,-0.0115412,-0.0192406,-0.000158151,-0.0104235,-0.0677003,-0.0285744,-0.0576149,-0.0203472,-0.0438272,-0.0694761,-0.0462953,-0.0133711,-0.069601,0.000859791,0.0248793,-0.00528844,-0.135051,0.0318344,0.0403065,-0.0919734,-0.0787154,-0.00370187,0.0930426,0.0522254,0.060029,-0.0103152,-0.0207042,0.227094,-0.267833,0.292341,-0.5543,-0.0236337,0.350542,0.25774,-0.106245,-0.0129706,-0.068843,
1.79721e-05,0.153269,0.0515028,-0.00997647,-0.0588659,-0.0686132,-0.0411329,-0.0568027,-0.0616635,-0.0493422,-0.0423152,-0.0459394,-0.02554,-0.0344929,-0.045547,-0.0399637,-0.0213557,-0.0333927,-0.0196987,-0.0240279,-0.00227493,-0.00361876,0.00839862,0.00670142,0.00642756,0.0106088,0.0166428,0.0133615,0.0158483,0.0248587,0.0275492,0.0311357,0.0318073,0.0400757,0.0478128,0.0594415,0.0714607,0.0732797,0.0744646,0.0766894,0.0799117,0.0724754,0.0671358,0.0536212,0.0385624,0.0247919,0.00906418,-0.00757729,-0.0248191,-0.032137,-0.0476357,-0.060861,-0.0654562,-0.0557683,-0.0522,-0.0446945,-0.0429056,-0.0273256,-0.024037,-0.0179795,-0.0120963,-0.00322256,0.00426908,0.010383,0.0189406,0.0206435,0.0238304,0.0201799,0.0232796,0.0256797,0.0240515,0.0259768,0.0279649,0.0244846,0.0151026,0.0124184,0.0192355,0.016532,0.0099722,0.00964459,0.00600239,0.00329115,-0.00286741,-0.00662236,-0.0094344,-0.0162377,-0.0232421,-0.0303869,-0.0282003,-0.0382832,-0.0436744,-0.0453585,-0.0416638,-0.0419866,-0.0332526,-0.0248329,-0.00765813,0.0105768,0.027299,0.037555,0.0331822,0.016784,0.00359935,-0.0168435,-0.0135075,-0.00527984,-0.0193945,-0.00785734,-0.0123786,-0.0203743,-0.0189286,-0.0181509,-0.0161254,-0.00674785,0.0114597,0.0212089,0.0221482,0.0358214,0.0465834,0.0479124,0.0483778,0.036595,0.0480595,0.0188808,-0.00564179,-0.040604,-0.0236603,-0.0106631,0.0200073,-0.0063671,-0.0169467,-0.033981,-0.0419748,-0.00678952,-0.0339154,-0.0369043,-0.0321798,-0.0326713,-0.039262,-0.0367812,-0.0396283,-0.0251279,-0.0216286,-0.00680433,-0.0160939,-0.00515267,0.0104317,0.00381009,0.0507633,0.0213431,0.0619682,0.0704783,0.0467433,0.0803057,0.0340326,0.0241541,0.002379,-0.0159102,-0.0196937,0.00309934,0.0342223,0.0147639,0.00432996,0.0255392,0.0710279,0.0562284,-0.00410521,0.0253646,0.0190638,0.0461908,0.0374622,0.00223126,-0.0262316,-0.074896,-0.0190769,-0.0250184,-0.0460875,-0.0354383,-0.0667343,-0.0404989,0.0346057,-0.0911747,-0.0702744,-0.0398739,0.0537656,-0.0239429,-0.149537,-0.0117155,0.034779,0.0485504,0.0355119,0.0441616,-0.0100836,-0.00977685,0.0992193,0.0171557,-0.0864776,-0.433493,0.439606,-0.381634,0.249068,0.29835,0.00965703,-0.0611065,-0.0709867,
9.39166e-06,-0.0976504,0.086925,0.0761989,0.0153228,0.0430324,-0.0099769,0.0121193,0.0109097,-0.0180996,-0.0133105,0.02359,0.00648264,0.000681185,0.0243602,0.0221158,0.0187945,0.00988362,0.00635297,0.00172569,0.00714856,0.0031992,2.47494e-05,0.00783352,0.00725883,0.0138927,0.0162654,0.0121651,0.0152117,0.0163712,0.00558145,0.0123325,0.0162101,0.0112613,-0.00306018,-0.0147109,-0.0292525,-0.0506916,-0.0760025,-0.0937759,-0.116178,-0.130177,-0.128336,-0.131956,-0.123166,-0.107003,-0.0907104,-0.08314,-0.0770021,-0.0822675,-0.079078,-0.0603288,-0.0365241,-0.0118408,0.0106885,0.0282208,0.0451171,0.0581423,0.06935,0.0782022,0.0849177,0.0937499,0.0961436,0.110994,0.108855,0.112678,0.105497,0.104078,0.0898851,0.0697687,0.0495527,0.028067,0.00563043,-0.014039,-0.0187626,-0.0212953,-0.0162559,-0.0182214,-0.00464901,-0.00418986,0.00255955,0.000214074,-0.00718562,-0.00933976,-0.0310481,-0.0389028,-0.0438233,-0.0430033,-0.0470308,-0.048777,-0.0551272,-0.0424754,-0.0241508,0.0152317,0.0521538,0.0806296,0.119792,0.146,0.154244,0.128366,0.0617415,0.00512165,-0.0301778,-0.0628712,-0.0601682,-0.0688617,-0.0629407,-0.0672535,-0.0507578,-0.0296769,-0.0150916,-0.029657,-0.0107555,0.00966469,0.011458,0.027925,0.0279656,0.033805,0.0489597,0.0464266,0.0421366,0.0639843,0.0981956,0.0460788,0.0506259,-0.0231068,-0.016141,-0.0347798,-0.00528438,-0.00856489,-0.0259213,-0.0359669,0.00244783,-0.0185514,-0.0198159,-0.00524929,-0.0151426,-0.00258272,0.0119508,-0.0234594,-0.00322245,-0.00570669,-0.0106812,0.0228196,0.0338229,0.0178129,0.00973321,-0.000516952,0.0128723,0.0364449,0.0329564,0.0572355,0.0643473,0.0218408,0.0301394,-0.0496062,-0.15335,-0.179192,-0.177444,-0.142825,-0.0589717,-0.0533172,-0.0405975,-0.0402158,-0.0368622,0.0508473,-0.00236607,-0.00884612,0.0359092,0.0486686,0.023212,0.0423906,0.043195,0.0773683,0.0699376,0.0676158,0.0343826,0.0687812,0.106445,0.0415755,0.0170991,0.00534616,0.0305445,-0.0438804,0.0667083,-0.0795117,0.0695584,-0.0406025,-0.0953155,0.0465009,0.0211638,-0.0594217,-0.166998,-0.025144,0.024225,0.00463361,0.450734,-0.13493,-0.186122,-0.0638158,0.0966544,0.0824817,-0.0918082,-0.0456581,-0.0779001,
1.04291e-05,-0.141751,0.00256304,0.0524081,0.0453297,0.065309,0.0234207,0.034291,0.0276789,0.0048209,0.0136719,0.0209573,0.0392814,0.0131026,0.0206549,0.0402899,0.0457976,0.0195016,0.0154176,0.0144279,0.025192,0.0176468,0.0209751,0.00955432,0.0212959,0.00773319,0.00803176,0.0120583,0.00735403,0.0100188,0.0101982,-0.00422418,-0.00519003,-0.0159073,-0.0301674,-0.0423603,-0.0568395,-0.0750284,-0.0910015,-0.110858,-0.121474,-0.125391,-0.120913,-0.107521,-0.0872039,-0.0660966,-0.0558924,-0.0382049,-0.0264336,-0.0265093,-0.0189056,-0.00825914,0.00218941,0.0148961,0.022234,0.0244851,0.0315768,0.0403617,0.0385212,0.0358681,0.0374344,0.0326499,0.0309996,0.0358878,0.0342155,0.0367173,0.0361329,0.035344,0.0295398,0.0266206,0.0180396,0.00987163,0.00445702,-0.00276897,1.4326e-05,0.00492248,0.00788557,0.0110091,0.0233052,0.0237344,0.0305339,0.0370441,0.0250344,0.0213201,0.00847191,-0.00419897,-0.0143957,-0.0211509,-0.0266277,-0.0326207,-0.0428875,-0.0420296,-0.0424858,-0.0253515,-0.0102816,0.024669,0.0644952,0.0993184,0.113795,0.0966484,0.0468984,-0.000995324,-0.0349467,-0.0521902,-0.0499143,-0.0524635,-0.0411105,-0.0408606,-0.0217744,-0.0162756,-0.00592681,0.00789743,0.0177846,0.0178647,0.0252756,0.0267587,0.0347518,0.0508955,0.0388883,0.0312772,0.0275936,0.041807,0.0184779,-0.00513958,0.0205254,0.0243415,0.0177064,-0.0163729,-0.03152,-0.054394,-0.030408,-0.0370813,-0.0447535,-0.0237788,-0.0213959,-0.0501032,-0.010604,-0.000239447,-0.0122938,0.000729375,0.00527973,-0.0270196,0.00727372,0.00503348,0.0146423,-0.0222942,-0.00231888,0.00303919,-0.0480005,-0.0255028,0.0153079,-0.0116175,0.0180673,0.0212267,0.0569564,0.0539337,0.0198199,0.0646699,0.0389261,0.00262253,0.0117938,0.0298569,0.0438126,0.0285824,-0.0523422,-0.0431188,0.0425795,-0.0397097,-0.0321497,-0.0388821,-0.113439,-0.0264284,-0.0835402,0.00431203,-0.057789,-0.0584185,-0.0151506,0.0157535,0.0539898,0.0256535,0.0721677,0.0952721,0.0947452,0.0672032,-0.046794,0.0559717,0.0960482,0.0212815,0.0341857,-0.0446283,0.030491,-0.0299737,-0.250996,-0.323187,-0.0479806,0.224718,-0.424113,0.229768,0.402022,0.00423759,-0.0623282,0.0432498,-0.0533028,-0.0764767,0.0386543,
2.06495e-06,-0.106536,0.069293,0.0776497,0.0942365,0.101633,0.00205045,0.0194557,-0.0180648,-0.0070249,-0.0511502,-0.0258098,-0.0420383,-0.022561,-0.0223126,-0.0385391,-0.035042,-0.017872,-0.00602241,-0.0235496,-0.0114183,-0.0040799,-0.000729791,-0.00631612,-0.00347603,0.0150156,0.00896753,0.00211659,-0.0032778,-0.0118431,-0.00949487,-0.009753,-0.00436273,-0.00371385,-0.00144147,0.0121646,0.00813585,0.0122843,0.0204767,0.0259328,0.0283331,0.026274,0.0216942,0.0183197,0.0146636,0.0147348,0.0131414,0.0139985,0.0209867,0.0253939,0.0255965,0.0251204,0.015331,0.00548227,-0.000549506,-0.013649,-0.0188313,-0.0229222,-0.0190276,-0.0128464,-0.0012138,0.00289454,0.00430659,0.000517276,-0.000319483,-0.00411195,-0.00265872,-0.00950738,-0.0177218,-0.0155558,-0.0188364,-0.0142157,-0.016024,-0.0117657,-0.00761127,-0.00668801,-0.00930454,-0.0182124,-0.021798,-0.0299703,-0.0308757,-0.0306244,-0.026616,-0.011428,0.00966025,0.0203006,0.0249842,0.0291491,0.0350431,0.0347921,0.0259039,0.0237227,0.0280644,0.0238255,0.0151715,0.00129251,-0.0232833,-0.0596719,-0.0692686,-0.0638963,-0.0350569,0.0105221,0.0589362,0.0644216,0.0690892,0.058316,0.0337255,0.0128638,-0.00974246,-0.0119459,-0.0286117,-0.024463,-0.0309191,-0.0393301,-0.0447322,-0.0449314,-0.0342693,-0.0329044,-0.0235639,-0.021104,-0.0113402,0.0107047,0.0635296,0.0364284,0.0101862,-0.0404142,-0.0115926,-0.000649276,0.0417905,0.107846,0.0297821,0.0323531,0.0241136,0.0250652,0.0130893,0.0363692,0.0278016,0.0118105,0.0173763,-0.0118596,-0.0132839,-0.0227004,0.00497252,-8.21887e-05,-0.0195081,0.00143365,0.00248265,-0.0236738,0.00232807,-0.0367091,-0.0150815,-0.00340702,0.0309045,0.00700341,0.0311833,-0.0448925,-0.160096,-0.178623,-0.178546,-0.116335,-0.0866569,-0.0254364,-0.020247,0.00759696,0.0298447,-0.0201593,0.0717629,0.0585676,0.0970584,0.0576155,0.0522868,0.0495243,0.0307825,0.0341601,0.0286674,0.0427197,0.0599604,0.104699,0.0826262,0.0547908,0.0533136,0.059087,0.0538765,-0.164146,-0.0673896,-0.0395931,-0.0735429,-0.159889,-0.128879,0.0232673,0.00795134,0.0138146,-0.041924,0.135775,0.440662,0.446093,-0.309652,-0.161776,-0.0681041,0.0602482,-0.148372,-0.0721255,-0.126036,0.044909,0.00481797,
3.06912e-06,0.147269,-0.0340915,-0.0953912,-0.0423493,-0.0510356,-0.00234931,-0.0144296,-0.0111126,-0.00218877,-0.0173857,-0.00953463,0.00427252,0.0121225,0.0116667,0.0223546,0.0331907,0.035187,0.032196,0.0354072,0.0189537,0.00368764,0.0075192,0.00609232,0.00703388,0.0128464,0.0151901,0.0110542,0.013194,0.00813734,0.0104879,0.0147223,0.00868786,0.000158301,0.00161251,-0.00676564,-0.00657292,-0.0206406,-0.0293583,-0.0394538,-0.0394423,-0.0425751,-0.0500318,-0.0431219,-0.0391702,-0.0373836,-0.0364507,-0.0364853,-0.0378513,-0.0422163,-0.0428528,-0.0241106,-0.00959338,0.00503266,0.0110326,0.0184107,0.0175667,0.022855,0.030989,0.0469616,0.051055,0.0566599,0.0701945,0.0723727,0.0722127,0.0731812,0.0663215,0.0614628,0.0495658,0.0295452,0.0146775,-0.00555385,-0.0204861,-0.0348516,-0.050293,-0.052845,-0.0517906,-0.0564472,-0.051875,-0.0517175,-0.0470236,-0.0458304,-0.0451215,-0.0327626,-0.0146545,-0.00466773,0.00640261,0.0103457,0.0161857,0.0308628,0.0390854,0.0465645,0.0438223,0.0371068,0.0268052,0.0155093,0.00729787,-0.00247025,-0.0259506,-0.0275723,-0.0174035,0.00465058,0.0358065,0.045368,0.0365247,0.0231326,0.00935304,-0.0119291,-0.0240488,-0.0297334,-0.0342955,-0.0356235,-0.0374382,-0.0199085,-0.00840466,-0.0143667,0.00531863,0.0177163,0.00837323,0.0109509,0.00405203,0.0261689,0.0500141,0.0100591,-0.0249823,-0.0283878,0.000940603,0.0157719,0.032276,0.0264673,0.0240017,0.00408745,0.0123937,0.0326092,0.0179949,0.0030038,-0.000905026,0.00748033,0.00389699,-0.0160298,-0.00656418,0.0190322,0.0148327,-0.0222235,-0.00382488,0.00589931,0.012422,-0.00803854,0.00804239,0.0122482,-0.0216158,-0.002346,0.00161733,-0.0286864,-0.0112037,-0.052877,-0.080891,-0.0592775,-0.0185705,-0.0402076,-0.0159683,-0.0519577,-0.0413657,-0.0349247,-0.0240372,-0.000799066,-0.0177172,-0.0269356,0.00200464,0.0451961,-0.0131171,0.0010102,0.0320496,-0.0173395,0.0796627,0.073579,0.0584264,0.0317942,0.165808,0.075828,-0.00916974,0.0440678,-0.0968457,-0.0853578,-0.103635,0.157077,0.0695857,-0.124335,0.103447,-0.0282108,-0.0621436,-0.189452,0.0406307,0.421711,0.125697,-0.387733,-0.223138,0.340191,0.160942,-0.271302,0.0629887,-0.0497972,-0.102172,0.0365471,-0.00735622,
5.56716e-06,0.219043,0.149177,0.00396032,-0.155154,-0.0932749,-0.0935699,-0.0847713,-0.0691486,-0.0235715,-0.0412905,-0.0364188,-0.0309641,-0.0355896,-0.0439297,-0.047396,-0.0472898,-0.0527088,-0.0430558,-0.024659,-0.0161416,-0.00433976,-0.013152,-0.00613333,0.0147754,0.0183064,0.0181847,0.0187219,0.0327086,0.0409306,0.0367536,0.0416712,0.049966,0.0489807,0.0582183,0.0641587,0.065902,0.0681131,0.0672899,0.0698329,0.0662914,0.053636,0.0440286,0.0282957,0.0106901,-0.00232558,-0.0158076,-0.0169538,-0.015323,-0.00768735,-0.0189469,-0.0185149,-0.0153083,-0.010768,0.000239238,0.00433697,0.0196141,0.0258802,0.0354076,0.0388776,0.0487533,0.0499531,0.0507517,0.0503992,0.0451781,0.0308175,0.0207713,0.0103116,-0.00816242,-0.0154102,-0.0215848,-0.0295638,-0.0248502,-0.0321971,-0.0465895,-0.0477978,-0.054268,-0.0728586,-0.0871451,-0.111716,-0.119836,-0.114437,-0.0977663,-0.0696763,-0.0351797,-0.00365477,0.0144321,0.0190758,0.034862,0.0583731,0.101536,0.136102,0.125667,0.10268,0.0600047,0.0235669,-0.0224207,-0.0813357,-0.126565,-0.148047,-0.120237,-0.0646429,-0.00592875,0.0518931,0.0862009,0.100397,0.0976222,0.0919048,0.0736788,0.0465948,0.0104605,-0.0221779,-0.0267338,-0.0398082,-0.0621146,-0.0560529,-0.0325459,-0.0474229,-0.0552333,-0.0566607,-0.0494145,0.00373704,-0.0154059,-0.012789,-0.0370639,-0.00457973,0.0141124,0.0259882,0.0224383,0.0179211,0.0184488,0.00698737,0.0341276,0.0277414,0.0271378,0.00300385,0.00587609,-0.0148186,0.0385174,0.0339235,0.0398351,9.62247e-06,-0.0227127,-0.0332664,-0.0190515,0.0321963,0.0445081,0.00372416,-0.0238774,0.0299019,-0.0452604,-0.0281497,0.00135038,-0.0116218,-0.00662168,-0.00583463,-0.00561835,0.0173144,0.077692,-0.00151798,0.0192059,-0.013983,-0.0181897,0.0334978,-0.0675985,0.0276271,-0.00863057,-0.00255197,-0.0208902,-0.0206779,-0.0601258,-0.0317575,-0.0795643,0.0636026,-0.0484209,0.0648568,-0.0141806,0.0324117,-0.0105892,-0.00370783,-0.0893883,-0.0491031,0.0810107,-0.0407705,0.0271597,0.0469171,0.167284,0.178273,-0.0675162,-0.122257,0.0585889,-0.186642,-0.294129,-0.21497,0.0558791,0.199719,0.2553,0.144464,0.172462,0.0109383,0.0432514,-0.0785017,-0.0446718,-0.0707029,-0.109448,
5.94141e-06,0.116246,-0.102077,-0.0522796,6.5256e-05,0.00158572,-0.000536064,0.00356236,-0.023755,-0.0118127,-0.0138242,-0.00798398,-0.0166157,0.00260255,-0.00710656,0.0114417,-0.00702407,-0.00387145,0.00676245,0.00127088,0.0166947,-0.00679664,0.00607336,0.00710117,0.0011235,0.0133462,0.00149564,0.00918378,0.0107936,0.0205823,0.0196768,0.0124652,0.0106213,0.0168357,0.0107569,0.00197263,0.00350879,-0.0076914,-0.00848378,-0.0133293,-0.0228704,-0.024519,-0.0364697,-0.0344362,-0.0324051,-0.0317175,-0.0326171,-0.0332813,-0.0258107,-0.0208418,-0.0155883,-0.0160152,-0.00903757,-0.000750663,0.0110227,0.0118027,0.0214641,0.0294794,0.0255983,0.0369801,0.0421777,0.0421669,0.0417013,0.0430292,0.0385498,0.0384695,0.0379113,0.029455,0.0216057,0.0143116,0.0115604,-0.000457951,-0.00447447,-0.0114098,-0.0174394,-0.0255377,-0.0262618,-0.0286433,-0.0253841,-0.0304523,-0.0324823,-0.0341815,-0.0359486,-0.027056,-0.0251145,-0.0158185,0.00284629,0.000450703,0.00920275,0.0173358,0.021996,0.02945,0.037854,0.0390122,0.0374674,0.0347079,0.0246217,0.0174083,-0.00874878,-0.0280018,-0.0279123,-0.0192609,0.00230282,0.0075243,0.0220366,0.017701,0.0122991,-0.00187998,0.00605378,-0.00327665,-0.00746476,-0.030899,-0.0156991,-0.0113733,-0.0286303,-0.0165197,-0.0162532,-0.00245144,0.00937861,0.00762772,-0.00933572,0.00201014,0.00760652,-0.00308027,-1.00125e-05,0.0284187,0.0166307,0.00844392,0.0382865,0.00790634,-0.0162489,-0.00661518,-0.000824742,0.00629417,-0.0227659,0.0189828,0.0346455,0.0356191,0.028615,0.0053785,0.0135234,-0.0157734,0.0353246,0.0141655,-0.000664425,-0.0109255,-0.00406083,-0.0150225,-0.04493,-0.0241317,0.00253851,0.011401,-0.00261612,-0.0106617,-0.031683,-0.0418711,-0.0437136,0.00840794,0.0135156,-0.0108236,-0.00113028,-0.0501004,-0.0652525,-0.00756446,0.0148088,-0.00733751,-0.0462354,0.00483012,0.0189746,-0.0603271,-0.000826274,0.00165983,-0.0263212,-0.00282552,0.0649523,0.108138,0.0323009,0.0256054,0.0664448,0.0471051,0.0766685,-0.080878,-0.0494536,0.148528,-0.0521218,-0.0386716,-0.00839474,-0.0697522,-0.0427876,0.0397248,-0.360948,-0.0232957,0.481197,0.0710135,-0.429771,0.446343,0.0518678,-0.0347522,0.135894,-0.0670203,-0.0212911,-0.0607371,-0.121864,-0.109106,0.0705658,
2.56183e-06,0.0653054,-0.00837249,0.0590884,0.0254659,-0.0577881,-0.0372787,-0.0333779,-0.00584622,-0.01446,-0.0292765,-0.0371581,-0.0342745,-0.0163457,-0.0138897,-0.0228433,-0.0201555,-0.013229,-0.00676949,-0.00359377,-0.0173405,-0.00855019,0.00517505,0.00393152,0.00577147,0.00805486,0.0122015,0.0221328,0.0212824,0.0113021,0.0195324,0.0288296,0.0211513,0.0149879,0.0192605,0.0152343,0.0161766,0.0154934,0.0126422,0.00544736,0.00624645,-0.000910677,-0.00490651,-0.00992619,-0.0148045,-0.0215324,-0.0147086,-0.0107166,-0.00123392,-0.00850136,-0.00184813,0.00237258,0.0044477,-0.00236469,7.40803e-05,0.00307258,0.00341594,0.00436685,0.00520971,0.0135626,0.0176806,0.0192321,0.0265143,0.0268808,0.0245654,0.0182248,0.0188796,0.0224041,0.00863952,0.00219409,-0.00189514,-0.00670811,-0.00848505,-0.0176771,-0.015847,-0.0180173,-0.0175679,-0.0269084,-0.0252394,-0.0295167,-0.030716,-0.0325474,-0.0316726,-0.0222289,-0.0190621,-0.00515071,0.00720105,0.00692999,0.0103366,0.0201864,0.0136374,0.0236359,0.0288418,0.0365509,0.0395834,0.0268859,0.0123163,0.00162523,-0.00842213,-0.0232849,-0.022633,-0.010716,0.0108928,0.023371,0.0169271,0.0156706,0.00739944,0.0016126,0.00381024,-0.00199075,0.012116,0.0040243,-0.00784476,-0.00471732,-0.0105147,-0.0114306,-0.0183334,-0.0279967,-0.0211206,-0.0166116,-0.0179014,0.00820248,0.00699138,0.0141222,0.0140408,0.0113039,0.00202072,0.00348155,-0.000513208,0.0133634,-0.00164479,-0.0086033,0.0318847,0.00301629,0.0154986,0.000933248,0.0226177,0.0184896,0.0317927,0.0154089,-0.0210024,-0.0207474,-0.00119769,0.0281913,0.0204381,-0.0179493,-0.00973856,-0.000321188,0.0206442,0.00159462,-0.0217875,-0.0052766,-0.0120675,-0.00183437,0.0238521,0.0321947,-0.0455278,-0.0686077,-0.0168368,-0.0791296,-0.0572306,-0.0551523,-0.0274153,0.00750026,-0.049235,-0.0521346,-0.0283817,0.0336814,-0.0249004,0.0556524,0.0299883,0.00848136,0.0445511,-0.0393772,0.094413,0.0583764,0.087749,0.00255474,-0.0312409,0.0512104,0.128003,0.0437354,0.00280201,-0.141213,0.0159248,-0.0247113,-0.125228,0.0666585,-0.0730135,0.0449746,-0.34154,0.644355,0.0904415,-0.382811,0.155959,-0.233006,-0.0216442,0.191691,0.0202161,-0.0161749,0.0751766,-0.0494276,-0.0391425,-0.0380689,-0.0426259,
1.38493e-06,0.144839,-0.0639469,-0.0859824,-0.0338563,-0.064367,-0.11571,-0.051199,0.00664832,0.0341205,0.0040358,0.0227469,0.0283912,0.0289435,0.0479716,0.0317331,0.0529314,0.0402833,0.0372337,0.0482625,0.0385321,0.029541,0.00539645,0.00430093,-0.00502755,-0.00351587,-0.00973289,0.0028429,-0.000584438,0.00930359,0.00952699,0.0084332,0.000496794,-0.00260215,-0.0129423,-0.0202394,-0.0237607,-0.0368349,-0.0323431,-0.0436571,-0.0351138,-0.0348977,-0.0381154,-0.0183827,-0.0192348,-0.0091706,-0.00576884,-0.0104195,-0.0259692,-0.0309825,-0.030936,-0.014436,0.00265835,0.00725075,0.0110703,0.0187791,0.0274928,0.0290851,0.0151108,0.0150814,0.00519917,0.00289298,0.00311866,0.0112224,0.0125263,0.0195382,0.0246481,0.0226771,0.0247899,0.0194733,0.0144743,0.00742139,-0.00145933,-0.00838134,-0.00955065,-0.00662513,-0.00779373,-0.00934619,-0.000609402,0.00422435,0.00968557,0.0131523,0.00979301,-0.00302398,-0.010826,-0.0170816,-0.0215119,-0.0244559,-0.0274981,-0.0237311,-0.0169805,-0.0116505,-0.00275476,0.0015715,0.00374258,0.012021,0.0297097,0.054734,0.0577452,0.0503526,0.0267619,-0.013153,-0.0348075,-0.0461667,-0.046745,-0.0362659,-0.0184064,-0.00307262,0.0149678,0.0127687,0.00653415,0.0018021,0.0226671,0.0229564,0.0491687,0.0363645,0.042318,0.043156,0.0153538,0.0305242,0.0323844,0.0044113,-0.0593827,-0.0669077,-0.0801437,0.0109524,-0.0304647,0.0154129,-0.00588794,-0.0915375,-0.0013073,-0.0288548,-0.0192451,-0.00972759,-0.00402922,-0.000732731,-0.0324395,-0.0086329,0.0201961,6.64807e-05,0.0324176,0.0217709,0.0173932,-0.0151403,0.0121902,-0.00616424,0.0150359,0.0498215,0.0220742,0.00598651,-0.0254174,0.00371183,0.000211977,-0.0348756,-0.0809289,0.0383188,0.0974907,0.0953676,0.158742,0.160749,0.0776999,-0.00420079,0.0194558,-0.00876083,-0.0643646,-0.0909381,-0.0762836,-0.095806,-0.134211,-0.14083,-0.0511026,-0.0783912,0.0256401,-0.0532999,-0.0090746,0.068528,-0.0406702,0.0620346,0.0461394,0.135734,0.0762225,-0.0320974,-0.288972,0.060308,0.252344,-0.06258,0.127727,0.175224,-0.170019,-0.0469583,-0.25251,-0.171793,0.0971487,-0.0188136,0.476536,0.0243738,-0.0855832,-0.193024,-0.096569,0.148809,-0.0271115,-0.00897715,-0.00213599,-0.0208357,0.0466831,
-4.1011e-06,0.202976,-0.074789,-0.0253251,-0.110352,-0.0503048,-0.0239071,-0.0342742,0.0133857,-0.0103063,-0.0169216,-0.00900281,0.0122624,0.0010261,0.00770333,0.0079199,0.0164564,0.0399099,0.0243535,0.00314755,-0.0159005,0.00276025,-0.00509475,-0.02252,-0.0191462,-0.02294,-0.016266,-0.00649891,-0.0116812,-0.00553392,0.00197934,0.0043789,-0.000437828,0.00422347,-0.000438977,-0.00310917,0.00807019,0.00846259,0.0232043,0.0299412,0.0333104,0.0459294,0.0548865,0.0565414,0.0458813,0.0456321,0.0445137,0.0343737,0.0340373,0.0239141,0.0180362,0.00681111,-0.00101439,0.00528039,0.0058383,-0.00336191,-0.0101658,-0.0234687,-0.0261377,-0.0455951,-0.0503104,-0.0595431,-0.0628374,-0.0630252,-0.0627705,-0.0605729,-0.0513151,-0.03568,-0.0226314,-0.00327768,-0.00385491,0.0117101,0.0200457,0.0141134,0.0100814,0.0104879,0.017695,0.0148795,0.0275117,0.0365537,0.0442764,0.043913,0.0417856,0.028601,0.0184295,0.00893587,0.00918954,0.0048862,-0.00191766,-0.0199779,-0.0296899,-0.0394227,-0.0333609,-0.0214772,-0.00282758,0.00660972,0.0142162,0.0200987,0.0146796,0.00692611,-0.00916627,-0.0391365,-0.0549235,-0.0672156,-0.0461046,-0.0290417,-0.0173355,0.00721253,0.0294523,0.0557957,0.0713118,0.0655023,0.0663295,0.0806009,0.0635082,0.0375403,0.0401698,0.0264226,-0.00577453,-0.0336871,-0.0514792,-0.0519394,-0.086078,-0.0623553,-0.0630585,-0.0900206,-0.0978308,-0.0995611,-0.0817058,-0.0743478,-0.0629079,-0.0568424,-0.0197434,0.000432598,0.00502325,0.0234842,0.0323484,0.07452,0.0329132,0.0494518,0.0603647,0.0768378,0.0821344,0.0867923,0.0645364,0.104353,0.106826,0.046076,0.0353777,0.0791676,0.0850541,0.0428411,0.0792112,0.0554433,0.0292475,-0.0404078,-0.119519,-0.133179,-0.17286,-0.0975155,-0.0540267,-0.0217583,-0.00198546,-0.0360325,-0.0269,-0.0875274,-0.00733299,0.0322371,-0.0320498,-0.0806806,-0.0390335,0.0167141,-0.0477846,0.0394994,0.088316,-0.00388252,0.110927,0.0536095,-0.0601036,0.0055468,0.0597648,-0.0712199,0.055862,0.109384,-0.0743243,-0.014658,-0.14305,-0.151001,-0.0817831,0.541702,-0.0205628,-0.275678,-0.0235429,-0.154206,0.0748789,-0.0340107,0.0232463,0.190694,0.0691321,0.0812333,0.00864326,-0.0296178,-0.000821779,-0.0547702,-0.0376477,
2.47569e-06,-0.0683031,0.25886,-0.018851,-0.00802804,-0.0296158,-0.0293632,-0.0414103,-0.0253324,-0.0297208,-0.0398614,-0.0621627,-0.0239219,-0.0338905,-0.031687,-0.0146557,-0.0195214,-0.021371,-0.0121972,0.00565991,-0.0225633,-0.0027266,-0.0200331,-0.0186698,-0.0113407,0.000618972,0.000870153,0.0106181,0.0103093,0.0121719,0.0199649,0.0163711,0.0260604,0.0274104,0.0210685,0.0149224,0.0178097,0.0127857,0.012271,0.0146143,0.0128239,0.0131936,0.0101786,0.0204616,0.013056,0.0243106,0.0159781,0.0122204,0.0130088,0.0083942,0.015035,-0.00137948,-0.00255446,-0.00057284,0.00211178,0.00391866,0.0114663,0.00642896,-0.00175437,-0.0133837,-0.0185879,-0.0183363,-0.0238823,-0.0248982,-0.0163805,-0.0253774,-0.0184677,-0.0109465,-0.00935756,-0.00935341,-0.00907765,-0.00593578,-0.0120323,-0.016549,-0.0205183,-0.016748,-0.00712056,-0.0103616,-0.00317765,-0.000206935,0.0100852,0.0100401,0.0186102,0.0162356,0.0173189,0.0216017,0.0232449,0.0303673,0.02706,0.0181711,0.0133534,0.00850594,0.0146344,0.0191197,0.0204482,0.0230692,0.0208726,0.0183318,0.00979324,-0.00513424,-0.0306213,-0.0472107,-0.0548104,-0.0608444,-0.0243716,-0.0239885,-0.00112805,0.016913,0.0219486,0.0409046,0.0585764,0.0576215,0.0732436,0.0508918,0.0400726,0.0466608,0.0160237,-0.000673935,-0.0263583,-0.0285982,-0.0363217,-0.0156118,-0.0204391,-0.0814257,-0.0104302,-0.0194495,-0.0173921,-0.0699641,-0.0629762,-0.0884244,-0.0841019,-0.0656472,-0.0534159,-0.0559513,-0.0256422,-0.0376458,0.0171677,0.00780222,0.0124891,-0.0134487,0.0519515,0.0435184,0.0370112,0.0736488,0.0580208,0.0643204,0.0375981,0.0526755,0.0519047,0.0836828,0.00683065,-0.012577,0.0657253,0.046265,0.08082,0.0818079,0.0382991,0.0605632,0.0661214,0.0624728,0.0703187,-0.0140581,0.00932159,-0.0501016,-0.0783787,-0.0334842,-0.0992542,-0.0656771,-0.0645697,-0.0686523,-0.169404,-0.0307011,-0.10944,-0.111495,0.0159935,0.00243608,0.0378293,-0.151931,0.0550133,-0.00983217,0.0436565,0.255434,0.218112,-0.102676,0.294909,-0.208447,0.0591639,-0.379077,-0.251292,-0.114976,-0.0193114,0.155196,-0.0184836,0.303072,-0.078184,-0.00568191,0.0456475,0.0310089,0.129559,0.053316,-0.0114513,-0.0239408,-0.00945729,-0.0118384,-0.0444011,
-2.24187e-06,0.192527,-0.00167278,-0.0924445,-0.150757,-0.0993374,-0.0245277,-0.0514173,-0.0282088,0.0192864,0.000730137,0.0186582,0.0519724,0.0623149,0.0553692,0.0766319,0.0596741,0.0624479,0.0611483,0.0458111,0.0218019,0.00889503,-0.010442,-0.0219626,-0.025197,-0.0248085,-0.0278433,-0.0166411,-0.0153254,-0.0208045,-0.0152238,-0.00798543,-0.0113189,-0.0044792,-0.00890467,-0.0158993,-0.0111473,-0.0215927,-0.0161539,-0.0170857,-0.00345848,-0.00460312,-0.00534769,0.00256133,0.00336998,-0.00661391,-0.0200828,-0.0295733,-0.0385907,-0.0413262,-0.0332313,-0.0125435,0.0043325,0.00541234,0.00826663,0.0126729,0.0165474,0.0116272,0.00579864,0.0121775,0.00185715,0.007062,0.0109891,0.0132959,0.0215323,0.0197718,0.0356364,0.0428117,0.047515,0.0469107,0.045974,0.0291879,0.0184915,0.00330244,-0.00182425,-0.0140611,-0.0168615,-0.0177418,-0.0189399,-0.0136966,-0.0145501,-0.0182277,-0.0170357,-0.0356827,-0.0391917,-0.0359943,-0.0228576,-0.0119732,-0.0111734,-0.0122781,-0.00211044,0.00414548,0.0167049,0.020355,0.0344199,0.0334901,0.0337159,0.0191537,0.010467,0.0016149,0.0148829,0.00996958,-0.00301896,-0.0250515,-0.0349173,-0.03981,-0.0388683,-0.01502,-0.000397012,0.00822833,0.0166389,0.0181929,0.0404861,0.0616565,0.0408311,0.0153502,0.0191692,0.0328248,-0.00669664,-0.0371859,-0.0481931,-0.0754627,-0.0835851,-0.0396196,-0.0281151,0.00618076,-0.026667,-0.0191108,0.0154146,-0.0202143,0.00432338,0.0376827,0.0328702,0.0571867,0.0671647,0.0280082,0.0546147,0.0345351,0.0498989,0.055007,0.048201,0.0143402,0.0610853,0.0155598,0.00782136,0.00365356,-0.0124304,0.0220325,-0.0139695,-0.0159549,-0.0210999,0.00450821,-0.0854083,-0.112072,-0.133456,-0.0574411,-0.00989768,0.00209154,-0.0324472,-0.00758727,-0.0753862,0.0208094,-0.0576695,-0.0422863,-0.04648,-0.0833745,-0.0335885,-0.0964943,0.0054021,-0.0371769,0.0491194,-0.0219252,0.094976,0.0116842,0.140974,0.0234286,0.152928,0.0134849,-0.0366394,0.176247,0.214843,0.153318,-0.0230536,-0.266482,0.0679956,-0.151131,-0.313969,0.0930134,0.134773,-0.194363,0.486447,0.0192609,0.0946819,-0.0718547,-0.132111,0.081409,-0.0795709,-0.0510409,-0.0121553,0.0388135,-0.0232395,-0.0590297,-0.042192,-0.0243803,0.0146046,
1.59912e-06,-0.0922181,-0.0369751,0.0720168,0.05656,0.0197017,0.00582951,0.0117944,-0.0115367,-0.0121908,-0.0337627,0.00921751,-0.0123206,0.00239927,-0.0143698,-0.0132619,-0.0151965,-0.0157776,-0.0183407,0.000346882,-0.00620423,-0.0172283,0.00258081,-0.00338703,0.00280421,-0.00588843,0.0111252,0.0130543,0.00585814,0.0165769,0.0130193,0.0194867,0.0218358,0.00977731,0.0163022,-0.000475924,0.00536553,-0.00184381,-0.00722773,-0.00823215,-0.0220971,-0.0220222,-0.0225618,-0.0180451,-0.0213003,-0.0228391,-0.0125192,-0.00818455,-0.00041468,0.00881606,0.0178643,0.0215412,0.0157839,0.0131462,0.0183278,0.0151807,0.0114007,0.00487311,0.0122523,0.00660294,0.00393062,0.003723,0.000772586,-0.00533971,-0.00811604,-0.0087939,-0.00693919,-0.000919712,-0.00714678,-0.00608066,-0.0128329,-0.00587664,-0.00312982,0.000169145,0.00134405,0.00227584,-0.00274187,-0.0127938,-0.0124371,-0.0189562,-0.0150999,-0.0136898,-0.00834274,-0.00188281,0.0107455,0.0203553,0.0265006,0.0163526,0.0137109,0.0206561,0.0104015,0.0202327,0.0249399,0.0247666,0.0188282,0.0101263,-0.000308919,-0.0157809,-0.0216229,-0.0197701,-0.0272583,-0.0169049,-0.00888319,0.00178879,0.00429914,0.0242835,0.00716557,0.00466469,0.00026407,0.00306003,0.0148522,-0.00676028,0.0147904,0.00416836,0.0144409,0.0214806,-0.00550363,-0.0151913,-0.0171542,-0.0105601,-0.0185987,0.000490547,0.00180631,0.0150069,0.0254736,0.0114452,-0.00498264,-0.0333861,-0.0234603,0.00833683,-0.0376698,-0.0421496,-0.0263285,-0.0297685,-0.0167416,-0.0168997,-0.0398454,-0.0229688,0.0122983,-0.0130883,-0.0277032,0.0380884,0.00578742,0.033106,0.0554043,0.0153044,0.0296769,0.0379289,0.0426918,0.00167351,-0.0158149,0.0394189,0.0122519,0.0112717,0.0336714,0.0105398,0.00645581,0.00781197,0.00692537,0.00338153,0.0288978,0.00704638,-0.00784089,-0.00818404,0.0907725,-0.00332335,-0.0508592,0.0364995,-0.0177069,0.0145768,-0.062172,-0.0153598,-0.0630618,-0.0592012,0.0599003,-0.0134283,-0.0605721,-0.159235,-0.0929949,0.017933,0.0741605,0.233103,0.0903273,0.0226696,-0.245558,0.135073,0.0886482,-0.3111,0.1271,-0.261537,0.111371,-0.243243,0.438969,-0.358293,0.291302,-0.0664181,0.172195,-0.0432574,0.00294426,-0.0784976,0.0160329,0.0140513,0.0851009,-0.0599385,0.0201029,
1.27056e-06,-0.0869026,0.0907569,0.014876,-0.0200494,0.0108841,0.00708386,-0.00559029,-0.00791969,0.0408159,0.0237211,-0.00284435,-0.0223207,-0.00691854,-0.0112231,-0.00994104,-0.0282433,-0.0154382,-0.0189404,0.00913883,0.0112083,0.00760921,0.000870422,-0.00257528,0.0181287,0.0165314,0.00626312,0.0159788,0.00169461,-0.000217866,-0.00273467,-0.0005208,-0.005145,0.0057186,0.00530002,0.000637079,-0.00215041,-0.0132443,-0.00609851,-0.00464797,-0.00442584,-0.00862225,-0.0148045,-0.000440571,-0.00279372,-0.00710798,-0.00483596,-0.00437139,0.00116581,0.00392091,0.00779288,0.0246504,0.0308477,0.0116131,0.00123768,-0.00178172,-0.00516614,0.00374149,-0.000690885,0.00475148,0.00896102,0.012318,0.0148315,0.0125948,0.0101646,0.0105378,0.000240456,-0.00531734,-0.0187169,-0.0216542,-0.0216728,-0.0193528,-0.0218566,-0.00911334,0.00744853,0.00481295,-0.0111126,-0.00430511,-0.0114763,-0.0175822,-0.0114287,-0.0134008,-0.00591509,-0.000173536,0.004805,0.00921367,0.00117974,-0.00123717,0.00113068,0.00619097,0.0110319,0.028308,0.0250567,0.0117701,0.00993946,0.0033671,-0.00150876,-0.00633972,-0.0156117,-0.0239744,-0.0297746,-0.0215417,0.000294148,0.0192045,0.0462352,0.0347187,0.0430151,0.0367436,0.0152873,-0.00179164,-0.00460489,-0.0348271,-0.0493587,-0.0512672,-0.0548352,-0.0389276,-0.00903439,-0.0341955,0.0167221,0.0143091,0.0152346,0.0389621,0.0406301,0.0176931,-0.0575977,-0.0404273,0.0195637,-0.00216868,0.0336861,0.0517681,0.0288117,0.0416182,-0.00591557,0.030315,0.00908707,0.0485246,-0.00422887,-0.0148553,0.00749386,0.0290489,-0.0437573,0.000287059,-0.0278092,-0.0395445,0.0141282,-0.0211267,0.0281354,-0.00403149,-0.0181251,-0.048175,-0.073209,-0.016899,0.0479962,0.0518693,-0.00318042,-0.00136269,-0.0300519,-0.0179381,-0.0506942,-0.0389177,0.020951,-0.00845785,-0.14373,0.0225017,-0.0144413,-0.0378532,0.116447,0.0514169,-0.0306649,0.0764884,0.0732569,-0.0961446,0.0134031,-0.0273538,-0.00369033,0.0755269,0.0920389,0.0299786,0.0811459,0.119808,-0.103851,-0.343587,-0.198498,0.436575,0.295236,-0.298762,0.055772,-0.274245,-0.0354154,-0.0505097,0.323241,0.0702799,0.114601,-0.168466,0.015385,-0.0972003,-0.105635,0.111054,0.00930804,-0.0493543,0.0141102,-0.0194386,0.0144732,-0.014067,0.00714651,
-7.84213e-07,0.266327,-0.215314,-0.144192,0.0139307,0.0334169,-0.0215856,-0.0217767,-0.0316041,-0.00077986,0.00277175,0.0151119,0.018743,-0.00868921,-0.0306234,0.0117408,0.0465988,0.0175903,0.0380891,0.014223,0.0133316,0.0210128,0.00740144,0.000316421,-0.0090616,0.00398099,0.0163367,0.00366555,0.00630327,0.0173095,0.0129683,0.028337,0.0111715,0.00648899,-0.00512878,-0.00969409,-0.0129569,-0.00891986,-0.0170882,-0.0339318,-0.0343856,-0.0267788,-0.0263125,-0.0174335,-0.00036137,0.0010097,0.00252907,0.0049036,-0.00585321,-0.0171828,-0.0219611,-0.0126515,0.00966466,0.0203655,0.0217639,0.035474,0.0333759,0.0264421,0.0236104,0.0163308,0.00602714,0.0063912,-0.00174176,-0.000187024,0.000602291,0.000652613,0.00313187,0.00524813,0.00302249,0.0032541,-0.00162881,-0.0152734,-0.021474,-0.040713,-0.0459968,-0.049802,-0.0292795,-0.0179422,-0.00981097,6.19491e-05,0.0108854,0.0117771,0.00817714,0.0070896,-0.000212447,-0.00133286,0.00369139,0.00638235,0.00560619,0.00556052,0.00426641,0.0126347,0.00831576,0.0091103,0.0053125,0.0165597,0.012602,0.0195114,0.0136973,0.00835504,0.0150344,0.00256342,-0.0103871,-0.0183614,-0.0227034,-0.0091526,-0.00673596,0.00782743,0.0311538,0.0210417,0.01353,0.0220097,0.0200043,0.0352322,0.0241049,-0.00206118,-0.00326655,-0.0112882,-0.0138817,-0.0283686,-0.0147504,-0.0173008,-0.0770436,-0.0329327,-0.0382267,0.0339856,-0.00417998,0.00495546,0.0152619,-0.0524107,-0.00602289,0.0413368,0.000420238,-0.0022959,0.0195785,0.00686222,0.0409822,0.0261881,0.0522337,0.0126555,0.0306358,0.0172146,-0.00362881,0.00369433,0.0186959,-0.00377155,-0.00631895,-0.0188209,-0.0423448,0.0318164,-0.000150682,-0.0325674,-0.0213832,-0.00847623,-0.0823534,-0.00420211,0.0601646,0.0103483,0.0753803,0.01425,-0.0323218,-0.0391122,-0.10137,-0.0546623,0.008412,-0.0309734,-0.0797505,0.0138428,-0.0115783,-0.0304277,0.0262703,0.0316185,-0.0170344,0.000279894,0.0676173,-0.0525166,-0.0183806,-0.0776838,0.121562,0.114142,-0.0969707,-0.0513879,0.123035,0.379147,-0.162852,0.267819,-0.14811,-0.32735,0.159409,-0.148076,-0.0131717,0.271087,-0.325288,0.0710692,0.0930577,0.0645833,0.0761532,-0.205431,-0.0255056,0.121163,-0.0283784,0.0118681,-0.0564291,0.00500469,-0.0265001,
7.39123e-06,0.0590144,0.00164914,-0.0601968,0.0691619,0.0538944,0.0424468,-0.034305,0.0245261,-0.0120983,-0.0364871,-0.00762345,-0.0262171,-0.0153526,-0.031091,-0.0365597,-0.0328522,-0.0193002,-0.0166423,-0.0311598,-0.0188328,0.00567906,0.00153577,-0.00872714,0.00685525,0.000184587,-0.0102638,-0.00428889,-0.012396,-0.0012306,0.00680164,0.00389382,0.0145072,0.0140385,0.0144538,0.00821274,0.0110925,0.00603126,0.0129043,0.00777916,-0.00186205,0.00456854,0.00557518,0.0100654,0.00150491,0.0182703,0.023874,0.0157801,0.0218366,0.0175066,0.0125946,0.00756904,0.000235296,-0.0129973,-0.00245153,-0.00329959,0.00467286,0.0020805,-0.00485995,-0.0131611,-0.0184118,-0.0193845,-0.021032,-0.029542,-0.0231235,-0.0194732,-0.018996,-0.0122205,-0.0200473,-0.0182193,-0.0284654,-0.0142712,-0.0108414,-0.00459132,-0.00321454,0.00281496,0.00620679,0.0121678,0.0201214,0.0232893,0.0350344,0.0255797,0.0289928,0.0324446,0.0308328,0.0289117,0.0167677,0.0105322,0.0112335,0.000227335,-0.0196011,-0.0245939,-0.0228072,-0.0189274,-0.00586395,0.00712759,0.0127837,0.0171835,0.0261517,0.0192255,-0.000489272,-0.0188306,-0.0257049,-0.0288717,-0.0216515,-0.00273584,-0.00386441,-0.00656646,-0.0139646,0.00593874,0.0394898,0.0375772,0.0155655,0.0198123,0.0240262,0.0292704,0.00634948,-0.00200197,-2.9019e-05,0.0141566,-0.000288815,0.014251,0.0246474,-0.0271498,-0.0173183,-0.059393,-0.0454603,-0.064337,-0.0429344,-0.0245521,-0.0288991,-0.0365348,-0.0247817,-0.0412283,-0.0334165,-0.0229359,0.000935327,0.0184443,-0.0468134,0.0094525,0.0246568,0.0566168,0.0174979,-0.00346738,0.0491739,0.0510045,0.0611936,0.0545604,0.0652927,0.0373708,0.0428298,0.0644406,0.109559,0.0607848,0.135928,0.0312337,-0.0835112,-0.0701352,-0.0719913,-0.0279466,-0.04986,-0.102012,-0.0361806,-0.0737451,-0.0961442,-0.0253683,-0.00782614,-0.0318743,-0.00808225,0.0125421,0.036043,0.0572152,-0.0244683,0.0350189,-0.0194514,0.0211777,0.0610578,0.0434842,-0.0504278,-0.209566,0.167989,-0.114279,0.207837,0.243626,-0.112653,-0.393371,-0.0953737,0.300346,0.297745,-0.411057,-0.154222,-0.0654579,-0.00296669,0.125327,0.123733,0.0136468,-0.0158713,0.105349,-0.0237936,-0.00335978,0.0802401,-0.0395916,-0.0467484,0.0291421,-0.041408,
-1.40369e-06,-0.0642692,0.189022,0.0251621,-0.0964072,-0.0763184,-0.0816297,-0.0785069,0.00393066,0.0110375,0.00920246,0.0205686,0.050051,0.0564554,0.0673128,0.0599814,0.0928607,0.0540741,0.0368274,0.0140723,-0.0180296,-0.0151794,-0.0278559,-0.0354638,-0.0488044,-0.0534146,-0.0365668,-0.0292865,-0.0289136,-0.0267328,-0.0419289,-0.0397564,-0.0270929,-0.0146984,-0.015864,0.00348446,-0.00118904,0.018572,0.0212645,0.0432734,0.0390211,0.0540396,0.0423406,0.0474283,0.0398306,0.0316297,0.0182046,0.00695112,-0.00897208,-0.0132718,-0.0155318,-0.00768387,-0.0032752,0.00370414,-0.00846631,-0.0331422,-0.0449499,-0.0505744,-0.0609997,-0.0517985,-0.0346985,-0.0215219,-0.0153624,-0.0104442,-0.00187403,0.00860494,0.019294,0.0278921,0.044547,0.0489436,0.0499859,0.0457854,0.0308691,0.0166807,0.00566287,0.00681731,0.00647285,-0.00216566,0.00718132,0.0128346,0.0100926,0.00725577,-0.0050728,-0.012959,-0.0156997,-0.0166488,-0.0155278,0.00208294,-0.00492087,-0.014791,-0.0205454,-0.0303818,-0.0302909,-0.0172275,0.00171478,0.019918,0.0231313,0.021538,0.0284323,0.0104151,0.00110428,-9.86606e-05,-0.0213176,-0.0491874,-0.0610689,-0.0579351,-0.0492459,-0.0303816,-0.00643417,0.0110228,0.0246642,0.054404,0.0618774,0.0725499,0.0765306,0.0762282,0.0799995,0.0509327,0.0240322,-0.0386578,-0.0347518,-0.0367514,-0.0498214,-0.070957,-0.125903,-0.119304,-0.0935482,-0.101055,-0.0235214,-0.00793676,-0.014918,0.0028012,0.0162161,0.0325563,0.0349265,0.0729202,0.0535367,0.0563102,0.0950861,0.0568946,0.0599278,0.0318598,0.00986608,0.0295222,-0.00432598,0.0267123,0.0107719,-0.0133955,0.0383246,0.00721435,0.0549572,0.0818305,0.0845334,0.00566984,-0.0256159,-0.125528,-0.118711,-0.167058,-0.137944,-0.0430677,0.0289248,0.0339312,-0.043859,-0.0133509,0.0317624,-0.0178064,0.0115287,-0.0620072,0.140872,0.0330447,0.0935921,0.0422608,0.0816823,0.0933183,-0.0660794,-0.101503,0.0439663,-0.105128,-0.188135,0.0361377,-0.0155432,-0.104189,-0.0999719,0.143164,-0.157133,0.283631,0.315928,0.115994,-0.291641,-0.283197,0.013517,0.162131,0.0686517,0.0561054,-0.0481983,0.00153252,-0.0488214,-0.00391373,0.0848058,-0.0182244,-0.0678403,-0.0583991,0.0258725,0.0156335,0.017431,
1.42026e-06,-0.290422,0.287934,0.0583365,0.0941925,0.0177315,-0.00642003,-0.0192992,-0.0288024,-0.0444501,0.0331611,-0.0349448,-0.00970851,0.0072908,-0.00132394,0.0184204,-0.0127076,-0.00845071,-0.0055211,-2.46461e-05,-0.0172577,-0.0394868,-0.0494636,-0.0396001,-0.0289523,-0.0274067,-0.0112395,-0.0141473,-0.00450973,-0.0165356,0.000787704,0.0112335,0.00169885,0.00763884,0.00963151,0.0184574,0.02554,0.0233765,0.0235919,0.0308325,0.0254152,0.00679967,0.00208688,0.00585589,-0.00866931,-0.010769,-0.0260247,-0.0258191,-0.0357217,-0.0344583,-0.0317974,-0.0243332,-0.0193278,-0.00888681,-0.0152556,-0.0066914,-0.0105696,-0.0105041,0.00430982,0.013344,0.0192793,0.0408121,0.046721,0.0470155,0.0472811,0.0452219,0.0503251,0.0524619,0.0516757,0.0351807,0.0297656,0.0147632,-0.00113893,-0.0139621,-0.0193185,-0.0331668,-0.033411,-0.0428956,-0.0391889,-0.0424855,-0.0442154,-0.0456667,-0.0434453,-0.0402683,-0.0289108,-0.00472461,0.0122958,0.0288494,0.0443609,0.0435982,0.036605,0.0329612,0.028881,0.0288308,0.0157445,0.0030913,-0.0140129,-0.0138481,-0.0192833,-0.0253998,-0.00574503,-0.00146998,0.019461,0.0061727,0.0136719,-0.016519,-0.00964115,-0.0166672,-0.019748,-0.0127693,0.0160434,-0.0110639,0.00444985,0.0139021,0.0113845,0.0299745,0.00398741,0.00978771,-0.00856222,0.00821811,-0.0177148,0.00763755,-0.0210686,-0.0220522,-0.00186367,0.0328072,0.0338098,0.0641039,-0.000268314,-0.0891528,0.0173756,-0.0635644,-0.00352033,-0.020512,0.0231116,0.0159746,0.0194625,0.00278712,0.0763577,0.0105229,-0.0333294,0.0290881,0.00918621,0.00835049,0.0111265,0.0120159,-0.0426714,-0.0374545,0.0375789,-0.0817927,-0.0211044,-0.0556013,-0.0249035,-0.0774275,-0.10497,0.0450661,-0.0270683,0.156614,0.0470362,0.0718839,0.11842,0.00475012,0.0526051,-0.0324058,-0.0167907,0.0346236,-0.101427,-0.147564,-0.0850577,-0.0838328,0.0529014,-0.00165464,0.00445783,0.0285291,-0.0390619,-0.0556378,-0.0778869,0.11115,-0.0776753,0.341271,-0.0408248,-0.0809596,0.263999,0.245429,-0.200022,0.00467838,-0.402364,0.147541,-0.142739,0.120846,-0.0067494,-0.0608159,0.0599427,0.0747311,0.0779317,-0.0835683,0.0033327,0.0213123,-0.000216621,-0.0628089,-0.00137248,0.0416185,0.00350361,-0.0468615,0.0159246,
-2.95738e-06,0.201014,-0.143376,-0.124219,-0.0370502,-0.020388,-0.00184341,-0.0228664,0.0322468,0.00674881,0.0468819,-0.000934721,0.00443831,0.0263667,0.00100654,-0.0042826,0.00457286,0.0316659,0.0308652,0.0225425,0.0155441,0.0294906,0.0337329,0.0269319,0.0446429,0.031586,0.0297686,0.0321595,0.0177445,0.0109906,0.0107602,0.0130581,0.0212216,0.00558858,-0.00874184,-0.0287503,-0.0413924,-0.0443804,-0.051686,-0.0638938,-0.0676707,-0.0718482,-0.0646679,-0.058422,-0.0483416,-0.0201707,-0.00297271,0.0158426,0.0188596,0.0328854,0.0429203,0.0378605,0.0415081,0.0401194,0.0410365,0.0217892,0.0239518,0.0243397,0.0248634,0.0100711,0.0174005,0.00589671,-0.000174375,-0.00786399,-0.0122089,-0.0170656,-0.0224903,-0.0177121,-0.0288804,-0.0318475,-0.04228,-0.0344558,-0.0363886,-0.0363412,-0.0215455,-0.01093,-0.0164045,-0.0029189,0.00187061,0.00501061,0.0110496,0.0140674,0.0120704,0.0306254,0.0390218,0.0344887,0.0315142,0.0229574,0.0235787,0.0205772,0.00779495,-0.00159731,-0.013038,-0.0210906,-0.0323706,-0.0369014,-0.0509709,-0.0454094,-0.0361331,-0.00917117,0.0176662,0.0643635,0.0743234,0.0826934,0.0589425,0.0295082,0.0237879,-0.0237323,-0.0335908,-0.0489006,-0.0522029,-0.0439845,-0.0482974,-0.049696,-0.0586273,-0.0441485,-0.0388428,-0.0202535,0.00550195,-0.00888991,0.0387352,0.0297275,0.031861,0.0561336,0.063894,0.0747305,0.0778162,0.0158974,0.0460811,0.0386398,0.01684,0.0226698,0.0140331,0.0269838,-0.0479402,-0.0150141,-0.00667059,-0.0402508,-0.0965924,-0.0463116,-0.0543503,-0.0457737,-0.0520699,-0.00897664,-0.0242183,0.01015,0.0136687,0.000781973,0.010874,0.0388316,0.0302647,0.0529281,0.0261595,0.00747616,0.013627,-0.049217,-0.044344,-0.0464708,-0.0656498,-0.00991311,0.008518,-0.0323967,0.0583321,-0.0824085,-0.00957552,-0.00997109,0.0223647,-0.00766361,0.103748,0.147459,0.176216,0.205585,0.103217,-0.0140465,-0.0111486,-0.232366,-0.293762,-0.362706,-0.146013,0.105579,0.133728,0.118932,0.139222,0.142061,0.214568,-0.0502197,-0.111903,0.101816,-0.338169,0.00498235,0.0305086,-0.0924693,0.00658659,-0.00431193,0.0176916,0.0222035,0.00894565,0.124825,0.00730352,-0.0660214,-0.0399682,0.0285759,0.00644141,0.0192673,-0.0121377,
-4.2364e-06,0.0406286,0.0757594,-0.166161,-0.0842887,0.0456234,0.0168358,0.012121,0.0217307,0.0320573,0.0343249,0.0133271,-0.0199707,-0.0246109,-0.0155033,0.0166467,0.00499228,-0.00332878,-0.0208508,-0.022256,-0.0303447,-0.0199659,-0.00981927,0.00147939,0.00300716,-0.00965842,-0.0193095,-0.00888322,-0.00271625,-0.00322001,-0.00673956,-0.00324056,0.0082398,0.00847121,0.00312908,0.0174054,0.0267968,0.0212381,0.0379634,0.0315968,0.0270341,0.0277165,0.0358638,0.0313983,0.0122867,0.00380141,-0.0123103,-0.00640063,-0.0251174,-0.0332973,-0.0349284,-0.0276306,-0.0407939,-0.0187689,-0.0194454,-0.00817965,-0.00303557,0.0126511,0.00639727,0.00387178,0.00766061,0.00687625,0.0147845,0.022324,0.0191002,0.0230563,0.02288,0.0294019,0.027045,0.0245769,0.0179634,0.0264684,0.0253931,0.0246559,0.014509,0.0113544,0.0101774,0.00139736,0.00837861,-0.00368439,-0.0157297,-0.0269967,-0.0356376,-0.0463994,-0.0619519,-0.0608246,-0.0576296,-0.0450716,-0.0354028,-0.00769102,-0.00389389,0.00984712,0.0162492,0.0270969,0.0384309,0.0319941,0.0231446,0.0214759,0.0022137,0.0193569,0.0144798,0.00884749,-0.00669452,-0.017956,-0.0294119,-0.0156433,-0.00124505,0.00147905,0.0112897,0.0324913,0.0188427,0.0166111,0.00724849,0.0031757,-0.0150766,-0.0267705,-0.0400629,-0.0443636,-0.0381956,-0.0223877,-0.0432802,-0.0353555,-0.0452336,0.0153345,0.0765665,0.0797322,0.0231464,0.0065843,0.0225907,0.0653937,0.0426703,0.0565929,0.00312033,0.0026272,0.0625614,0.0568907,0.0293166,0.0168819,0.0134911,0.010462,0.0370385,-0.0353227,0.0381317,0.0155067,-0.0102542,-0.00238738,-0.0346558,-0.012078,-0.0859628,-0.118554,-0.0863296,-0.102338,-0.120362,-0.0975104,-0.12091,-0.01081,0.00550327,0.0648787,0.0179423,0.0276047,0.0234618,0.00318346,0.0219421,0.0418115,-0.0115882,-0.0162699,0.0225852,0.00065449,-0.00797694,0.0635967,-0.00347251,0.0714773,0.0931735,0.0466056,-0.0221983,0.0602907,0.0271719,-0.319884,0.158287,-0.0496154,0.15312,0.123633,0.0626956,0.124064,-0.385673,-0.406647,0.35239,0.0310953,-0.0334924,0.251284,0.0322356,0.0518508,-0.0455256,-0.0041215,0.0494742,-0.0956139,-0.0605796,-0.149803,0.025497,0.0025299,-0.0200353,0.026929,0.00800153,-0.0175544,0.029791,
